Ambient_Temperature,Water_Temperature,Humidity,Light_Intensity,Water_pH,Dissolved_Oxygen_mg_L,EC_mS_cm,TDS_ppm,Electrochemical_Signal
22.24024536,21.90043536,55.2919039,556.1728051,5.581954516,3.749080238,0.975357153,519.5981825,0.941402146
21.70676328,18.68089194,63.94918051,596.1367212,7.135704906,4.197316968,0.57800932,346.7983561,0.164899361
21.18094556,15.39293913,67.83795649,591.1246268,5.656852249,3.116167224,0.933088073,480.3345035,1.081728041
22.59330194,22.7783939,58.19081101,241.4124764,5.584522687,4.416145156,0.510292247,590.9729556,1.186087971
28.92900106,18.10093728,63.77203577,444.4938296,5.919706876,4.664885282,0.606169555,354.5474902,1.609805188
24.36420869,22.55155083,46.39281145,496.2330398,6.157930728,3.36680902,0.652121121,457.4269295,0.034301568
23.02289496,17.95034782,56.90621179,454.6392144,7.075570016,3.863890037,0.64561457,483.5558684,1.272920689
20.19918572,16.29822055,56.32621696,455.6989746,6.105038904,5.209240791,1.146072324,673.2723687,1.67554481
25.46764547,16.69303635,47.54417466,635.0570337,6.487871877,3.912139968,0.892587981,359.9021346,1.391797621
27.63668533,23.62016942,65.61576854,393.2477805,5.580117097,4.028468877,0.796207284,313.9351238,0.962508633
25.9306236,22.67841216,56.82434202,482.2509998,5.664245676,5.911317278,1.085262062,613.0103186,1.522696311
23.99464808,16.14286275,58.53132773,763.5381969,6.278609362,7.923328306,2.465632033,1123.358939,1.877492875
19.00049156,22.38428696,57.75413529,436.3746794,7.323472975,5.456920654,1.048836057,736.8466053,1.959886633
19.73966999,19.52594533,47.50846028,724.1481607,6.738494159,5.660228741,1.061019117,699.035382,1.731128951
26.49079136,17.82397397,45.87979905,561.1187449,5.832179314,5.051582782,1.454660201,651.7559963,1.987300197
27.29581421,19.7517873,52.06643945,515.1991468,5.939420931,5.993783427,1.155855538,704.0136042,0.656406233
19.26392676,23.89279652,45.21420852,800.7266096,6.065295849,5.820065419,1.092427228,793.9169256,1.293190933
23.63405835,22.75771916,40.83784537,423.1442155,6.151761405,4.550265647,0.969749471,568.4482051,1.542696616
29.39285652,19.18860894,61.67028339,203.4998926,6.001141621,5.896849968,1.460937118,617.6985004,0.221543895
22.37344683,15.55854894,40.67374638,395.188528,6.019840604,5.293974294,1.022613644,665.0660662,1.072450352
28.41618165,23.66326125,63.69918699,735.6818314,6.149846669,7.083015935,1.771349032,1131.495004,1.313238995
20.53086817,24.56634697,47.25582511,472.7790052,6.242700171,7.03512999,1.78093451,1017.078433,0.746642685
29.19280263,16.43910654,62.82887406,427.2720751,6.452995855,6.711386337,2.302196981,829.8202575,1.988519146
24.28970893,19.75106149,50.56190134,319.4868231,6.961696148,7.980330405,2.272244769,879.4862726,0.593445255
25.55026655,15.07453776,63.67890896,867.7026545,5.946760308,6.508283176,2.315461428,1082.742938,0.756583252
24.80921095,23.91903418,42.01890239,923.2339881,6.602158333,6.093510752,1.385635173,614.8089303,1.55546127
26.28278385,24.91343666,40.25984234,677.0739746,6.195533414,3.716931457,0.55793453,558.9310278,0.220836811
19.02963705,22.22552692,44.46872632,339.8834703,5.7889043,7.43494719,1.830898025,825.4233401,1.54817442
25.18298598,17.59153183,63.92669146,524.9309827,5.983217688,3.621964643,0.662591661,518.8818535,0.696671298
21.95147498,19.24578447,42.4098101,508.2548632,6.242033717,4.275114943,0.943606371,441.6644775,1.979704908
18.89191428,19.23407408,59.99003418,867.1298682,5.919435843,3.239188492,0.856622394,528.2355146,1.348596587
21.65353181,17.26562977,69.6872626,607.1387549,6.77622619,7.341915796,2.27096718,997.5182385,0.090813357
18.28127088,24.99592885,53.7859033,227.5729366,6.159844269,7.284099244,1.927541018,810.1676507,0.780232309
22.06444669,15.79976628,51.53682011,302.876879,6.98295139,3.215782854,0.515714593,490.9231234,0.917520111
22.24091207,17.14011202,50.49709371,297.6229175,6.889754289,6.971533972,2.008570691,1163.02659,0.872726908
27.42301475,22.4736906,66.14889901,577.371603,6.754105521,5.373938344,1.205191462,751.1102277,0.083466105
29.58560023,17.30906341,66.98353089,222.8253017,7.307640824,3.457596331,0.538489955,386.9254359,0.905473484
21.5326582,16.23660207,43.60973784,560.0587425,7.378693845,3.322442575,0.964848826,542.4361139,1.563996156
24.78499674,20.44359866,50.62575539,735.8495565,5.788171347,4.266807513,0.935730295,541.1016231,0.896671805
22.86232524,21.82806809,67.05026738,576.3646455,6.457467303,3.373140118,0.946279499,461.8026726,1.105516748
18.08769869,18.61669586,44.80825006,547.1358616,5.945849245,4.61488031,0.94804565,395.4010425,1.903475182
29.9908861,20.69802999,68.13763608,711.3437998,7.301299207,6.665077887,1.727935163,970.8431155,0.478127445
20.1474183,16.2677636,56.04820926,441.9643934,7.008549142,4.636029532,0.930365292,302.0856392,1.57775289
24.98914908,15.21253357,68.02007962,557.6035256,7.256552995,5.766120954,1.208705502,644.4215621,0.779218332
23.87187867,23.8435756,54.47405198,305.3381125,7.39981536,6.679798051,1.837615171,1177.163882,1.717480484
29.97418749,15.12667509,53.38227753,599.1035872,6.636631744,5.484804398,1.259395311,740.6037918,0.297071658
28.8294703,19.0307888,61.67313078,333.8325496,6.796602834,5.545444404,1.485891041,792.489459,0.790187959
28.10853379,17.67872522,47.97210145,327.490014,7.095556368,3.503564592,0.748624253,390.2634929,1.208361763
18.91604672,22.58693819,44.43625971,547.9559147,7.337534323,3.569680989,0.518443474,482.8693002,0.488466092
22.55603535,18.52653487,67.35308641,443.6550923,6.759092648,5.754018535,1.025739376,655.7292928,0.808322538
19.47115783,19.13756016,69.49187236,361.5600383,6.888632617,6.362398829,1.119780945,628.9789744,0.760013089
26.73184134,20.91870642,41.14323195,509.3614667,6.052012178,3.978905521,0.992825227,372.6165815,0.733485922
23.64197005,21.2969632,52.43883005,584.9485653,5.652429386,4.344271095,0.880809808,371.2912632,0.300229689
20.38140881,23.18956743,68.75122088,251.4749214,6.95108817,6.092324523,1.183891566,726.4611661,1.599226878
20.77588173,22.22678885,51.03741172,997.7164405,5.871337507,4.267059422,0.767887342,327.086931,0.584883492
25.47068862,22.83113296,60.21570424,841.8691016,5.534522752,4.670604991,0.660390032,355.9555531,1.428208806
28.44128785,23.60403404,42.26880351,827.2890608,6.489707123,5.061162712,1.295446472,735.5128724,1.579866587
27.28844499,15.25064291,47.18723871,466.4701541,6.636397178,5.024881743,1.256046529,645.299155,0.027312135
18.70349914,23.07217562,58.64233608,446.7431823,6.337736328,5.967759186,1.087183215,738.1875476,0.823095125
22.67828323,19.28766887,51.70811446,711.5483344,6.944946063,5.580103019,1.468364994,627.5041888,1.950406851
18.30377106,19.90183272,46.59754921,757.1550849,6.176881066,3.682132702,0.556736761,577.4080855,1.243449047
28.33192938,22.96159206,63.86715315,540.1039676,6.506164583,7.81600903,1.757941628,1063.993618,1.718530344
29.12807686,20.97163406,59.18249327,811.9545888,5.863439445,4.6344444,0.777600406,458.8951735,1.39567582
19.08211589,24.43112725,57.71403655,970.4693455,6.861468411,3.483704582,0.546551384,569.1647274,0.330715878
22.16036853,21.72839897,66.88471579,430.3451671,7.157664173,6.350627086,1.316550729,667.8059582,1.607881714
21.61816122,23.51433428,62.76925953,361.8754608,6.064656273,3.698419149,0.862977839,569.133078,0.338041397
21.27421645,19.09373245,62.25665716,383.2490969,5.541294634,4.774172849,0.889937773,492.6094938,1.879360376
27.31361459,17.84818491,53.17610378,971.3119326,6.807255798,3.16827993,0.580814357,569.5662566,0.229043477
23.93097622,21.24331814,69.89315157,392.7872465,6.729856826,4.212858119,0.504598526,330.4414629,0.971971371
26.01136313,24.2196758,43.27074149,342.6251707,6.761367372,4.327003538,0.502530792,348.2424154,0.410812428
21.19975665,15.5196344,53.93526057,282.4178953,6.760985042,4.097467579,0.845947599,495.5883779,0.185642742
21.61476078,20.70081736,48.64184152,901.866407,6.231486379,5.336403964,1.356089611,647.4498175,0.228396671
26.87388868,20.80339957,55.94891459,458.4411259,6.696151093,5.488099547,1.373245703,729.9265798,0.22738332
20.25227897,22.15138312,40.09369758,279.8975356,7.245010297,6.273835116,1.328806446,713.6617207,0.969762055
27.72472553,20.54937552,44.30531437,506.0008134,7.064771429,3.187349536,0.683857902,379.5607103,1.032500267
23.3897951,15.94261866,55.84280527,852.9270947,5.717506188,5.365984465,1.486505277,678.6195449,1.532946654
22.60001979,24.47977836,56.63488116,867.6977976,5.560558815,7.838069833,2.131138626,1117.924521,0.800549454
26.51913262,15.49818192,58.78332659,970.1411583,7.374236143,5.75395564,1.288451942,698.5035388,0.643528838
21.20360527,21.3562784,68.03210261,895.6625733,6.806609085,6.792864482,2.222452115,912.308945,1.227510445
24.64025957,17.96728512,62.5013657,906.4491301,6.694527257,3.048631933,0.822736148,353.1332038,0.4693032
23.03571528,19.08101083,45.73821491,416.6848651,6.792378691,4.880917169,0.976964289,574.4593171,0.502777135
18.38692006,22.07259421,60.15885389,945.0412126,7.40388126,5.55523805,1.007728308,785.6637125,0.394108823
22.42108861,24.75083665,48.73487712,680.7102068,6.722801772,5.642276222,1.48332741,792.7239954,1.023220728
29.40646779,19.87629081,56.88610462,299.2265972,6.879022398,6.279514183,1.147224446,677.0195457,1.378628374
23.44026525,17.84569586,44.46663663,847.3236755,6.412167911,4.702273343,0.658461003,350.847824,0.626207682
23.55911495,15.69606034,58.89479283,586.9538184,6.62640488,4.113602525,0.968077387,508.808939,1.879117972
23.0046556,21.55997176,51.23957446,547.297263,6.011977321,5.855091755,1.048588247,723.0014453,0.57276915
24.29818961,20.67873296,68.00969849,723.1558426,7.271832903,6.485080775,1.070042008,703.6659305,1.686306504
22.59970515,24.08833546,66.91818413,809.9115844,7.449511416,7.816059608,2.240768618,1078.806296,0.912065485
27.46916932,23.10701077,56.78641127,724.4372823,6.954327513,4.404968168,0.679745576,388.0775533,0.707990459
18.16621963,17.26375674,62.52635105,315.0597708,6.760987232,7.714041733,2.310113395,1146.828927,0.652711581
24.41733408,22.34683878,41.60742909,981.5521678,5.539839995,6.369860829,1.255671199,700.3032589,1.971450834
20.60847279,17.05197571,54.61996407,995.5302942,6.958744664,4.596590358,0.824981965,510.5900632,0.288645246
18.01133123,24.54649566,60.33024414,448.0336376,7.397853506,6.193689004,1.445002671,667.5990314,0.167213883
18.39482487,24.16681861,44.88578569,595.6037306,5.671337984,5.563374429,1.04699097,715.6560282,0.765420619
23.86430891,18.79425665,50.77816833,411.9204679,6.615718527,5.053913411,1.232799009,708.5289269,0.541101733
25.7560484,15.99834265,48.07251959,425.3268054,7.049627055,5.429811878,1.29541663,606.10005,0.406210545
24.59828515,21.53559993,49.20819895,824.3305818,7.284763449,3.074696377,0.91130028,408.0571924,0.97980559
26.75780998,16.45997708,54.49754567,808.9151684,6.109999976,5.190590769,1.26112163,753.9987106,0.608248143
27.03875634,15.97142651,68.87798944,204.5531533,7.187109709,3.431642055,0.811445238,325.6042395,0.161749033
29.90367693,17.24840285,44.06059018,928.9300369,5.62636013,3.103363442,0.765677316,462.1905365,1.537487907
24.96006348,21.64698555,69.38492029,469.5720348,6.330372103,5.956144852,1.363045667,795.1704159,1.782605607
25.14333416,19.50145881,63.07821526,495.0746902,6.422586036,4.032600697,0.661478236,538.5558584,1.211759452
18.59673617,16.20694719,66.02305035,661.4678288,5.591652162,5.406248377,1.21948571,615.6912763,0.420440021
25.32793142,21.24956077,62.05504792,899.239915,7.028987264,5.038026115,1.481324207,767.1960241,1.741035053
28.02250955,15.96136968,53.67907776,852.7283118,5.624338215,6.043961309,1.204476472,634.658864,1.613233352
28.48846072,21.64611628,58.40614571,470.077208,6.774357563,3.312874085,0.625121449,464.7679994,0.319964208
28.62866985,19.04870463,44.65917807,506.9727576,5.674015166,6.071893884,1.330098688,655.9867794,0.074238313
22.6595498,17.93791819,41.1270298,364.6786513,6.206009643,4.909730561,0.868948458,466.3062158,1.12387623
26.33641389,23.14285843,69.6423187,884.7756207,6.595337957,7.417581119,1.919600062,899.0923958,0.595211011
18.01865352,24.32540592,54.31142348,652.1892739,5.89690497,7.033959018,2.25784611,805.7573955,0.996201192
26.8014671,16.8764178,41.39064199,587.1237416,6.226195101,6.674108961,1.546002642,816.2915209,1.193363419
25.75172911,18.50051016,61.83673635,482.4092359,6.971543106,6.283190876,1.35182893,694.8347658,0.825594897
27.56452776,20.29793751,43.82266525,607.3966561,6.024694009,6.646751241,1.991615875,989.3887083,0.727663706
20.6597235,17.44940714,59.75540995,596.3008783,6.115673888,5.259802805,1.216925825,679.7009469,1.938232234
27.93026233,20.79523038,53.54555687,468.3064516,6.277001838,7.423775147,2.135093651,818.1216039,0.027007627
23.44922062,20.05530139,61.80843965,683.0815494,7.397756555,7.061918922,2.125859916,1001.254503,0.966873603
22.8102902,20.03330188,61.27513383,268.7317285,7.221458723,4.712979682,0.829346816,348.8803281,1.782387281
19.15554368,17.51487764,63.82841856,760.4320297,6.604061996,5.105853121,1.321209639,605.3022621,0.76225969
22.80220928,20.14776775,42.96090858,872.3226132,7.497374387,7.378663372,2.440230241,1030.189671,0.139127108
20.22453166,19.52200509,66.29055397,846.8187569,7.031587396,3.776339852,0.821644109,437.4758671,0.963112365
28.67772738,24.78056278,51.41291069,980.2819766,7.151069908,4.091233579,0.970732404,415.8307913,1.968910541
28.75780434,19.89086847,66.767772,276.2599662,6.630215746,4.922381128,0.952675321,358.7373404,0.378886578
23.18712119,20.93935038,52.96839779,970.1378794,6.587768856,5.104041951,1.050389001,603.6443651,1.138482362
27.80766607,22.23979413,43.78079418,997.4827185,5.969100894,3.188885922,0.841503387,321.3565945,0.593762594
22.53314745,15.82641343,60.51746762,953.5980962,5.928590271,6.978463445,2.344875311,809.3087743,0.677511892
22.05070823,18.68846482,59.31462861,832.4820262,6.931902987,4.628936965,0.640927387,335.4494483,0.14213515
29.85201783,21.61736959,44.44649668,257.7165128,6.445125209,6.045105748,1.314471423,775.4944027,1.446985037
27.1877501,16.99818556,50.51352734,502.8754094,5.635658952,6.102606566,1.401740465,656.4069145,1.491007996
24.38588466,18.74533826,61.79690918,579.2751276,7.125577795,5.266159316,1.375307376,761.3669479,1.457964643
19.80587766,23.37766825,47.16525286,222.9290595,7.160589958,4.981010284,0.706308838,411.6054257,1.626553102
19.94417026,16.41168662,44.24012184,252.3199747,6.535025137,6.164619441,1.17040177,786.1514651,0.311664829
18.84437239,17.17580861,44.52481499,325.9287406,7.070861627,6.287619128,1.214497014,750.1742136,1.34063784
21.13031871,18.77007914,65.41246464,336.3048217,5.704228094,7.631814311,1.603123869,1161.021163,0.681696806
26.10031028,22.66633041,54.89752146,483.9491865,6.045853506,4.010504745,0.913228733,396.0148803,0.186146924
22.63569602,21.15403788,41.12948722,643.1386511,5.987400871,4.791046457,0.694600839,303.2512954,1.916653598
25.00592937,15.15866267,60.49345062,782.2047554,5.788053183,6.358072965,1.045643338,663.8627275,0.845882594
29.37136261,20.04088364,46.54865222,912.6424432,6.830049112,7.925092951,2.450607147,1029.375155,1.28682161
26.66816832,20.45362105,66.72090906,757.6636154,6.433114473,4.263674424,0.724222761,387.9632315,1.509219029
28.0313024,19.82184489,46.92494327,404.990749,6.748421219,5.492996818,1.336259228,750.4749059,1.754677383
29.5859166,23.96053472,49.20979621,692.4388837,7.15427511,7.687368566,2.289618143,836.4824412,0.027650473
29.01241412,15.78722316,68.10215695,471.86428,5.727620677,7.241630457,1.55755876,1019.811553,0.15981111
20.97114648,22.08504392,52.82168414,304.0509618,5.663303622,7.162295752,2.387704183,940.366005,0.882024763
28.58234392,24.23527345,63.00545862,496.7033874,5.696281816,5.175600525,1.071495841,752.3021263,1.743067367
20.96516021,18.18653419,52.1138661,950.3544521,7.378157385,4.236436127,0.550561338,325.2320418,0.097088494
24.45107319,24.47969105,46.2635061,243.1657255,7.037359884,4.401938263,0.536381503,546.5580178,0.635037647
24.03647604,18.12241824,56.61655238,430.6587254,6.835534969,6.059363341,1.04067439,616.9675428,0.590140727
27.7900117,16.60906459,48.73347567,837.1419006,6.433610577,7.979959368,1.874270796,948.2568588,0.20054889
24.78079488,16.63067976,53.89292688,924.2845518,5.826437352,4.625599135,0.973624289,595.8003191,1.906177881
27.7317158,16.04855995,44.56776134,684.9209848,5.636858534,7.630067278,1.876259586,833.4002867,1.969269032
28.38067178,22.61602756,42.63749535,412.5971169,6.75296875,6.165720374,1.279202125,684.8444018,1.591545365
22.12131073,21.66165078,48.00201114,494.2304489,6.409476711,7.859531578,1.611197482,997.0500417,1.894862718
27.10438815,18.19744111,59.98927581,386.2756033,6.176816813,6.517030467,1.968660642,822.5213103,1.413714476
19.03336695,17.21026209,67.11874627,977.2010149,7.074813289,3.237635833,0.558763123,494.7630906,1.907334578
27.77047614,21.03815978,52.10907463,843.577641,7.247534002,7.619067319,2.083368765,1184.869019,0.915478512
22.72070231,18.79774721,61.06181764,714.5955124,6.362763815,7.062305869,1.785712086,1147.439651,1.126982392
29.05103164,16.09045473,54.94960073,833.1512381,6.958054997,3.447191677,0.98161127,303.6463424,1.397854098
27.87189702,21.35120041,47.8232339,625.2197595,5.984836894,7.95481824,1.543159912,1156.457245,0.478535582
25.54449026,18.2192213,57.94894032,737.9829308,7.398624242,4.055402218,0.996482398,322.1389694,1.893981138
26.90504796,17.56230487,61.93781291,664.9196488,6.679013413,7.330781427,2.469302536,1009.239138,1.209784347
21.37316535,21.20414458,47.44257632,247.8523365,6.807640752,4.258797276,0.847874344,436.3623194,0.169798478
29.96776591,23.60394725,59.30859472,624.2670587,5.540029545,4.25511616,0.792157156,570.3474031,1.26760124
21.6395375,19.12845331,69.27549134,580.5304328,5.695262608,5.068169571,1.140481595,790.0822968,1.511349908
25.91056979,24.04474008,49.21474703,203.6864759,6.087579491,4.780527568,0.727828376,486.0397793,1.766865276
25.17730594,15.98581577,58.33261309,845.7393615,7.291873659,5.416071774,1.09406058,692.739681,1.515567146
22.97811262,24.35832376,67.9453072,466.5418786,5.892049202,7.030028342,2.083656112,831.0938548,1.870950923
26.89896584,24.84589338,62.27847024,414.9613839,6.910834411,4.948789615,0.993105372,509.4485142,0.596205676
23.89024901,24.80797801,44.86471141,452.9214248,6.485499316,5.80414455,1.154763808,762.7590039,0.217182934
26.76889568,23.82701434,57.01616129,905.2660512,6.931297413,4.369462345,0.58130847,573.2781553,1.037618794
18.59020758,24.38629513,63.09588382,532.5253473,6.689932563,4.645074486,0.974899957,517.7158525,0.308877929
23.41023393,19.01421724,46.37495784,838.2401968,6.308960342,5.920122794,1.209121518,786.5456967,0.684478376
19.23046255,17.54060745,50.84027774,272.1115899,6.377316178,7.799095834,1.54521867,810.5467898,1.153929482
28.1908569,23.14356358,69.16711751,257.7155023,6.448558599,7.06469505,2.310553331,1194.910452,1.212042042
27.84886203,21.07671281,41.8919346,327.2426384,7.32607277,3.300833782,0.797065358,414.267257,0.513349182
20.48696409,20.8784765,49.87358952,238.4936074,6.159187876,4.939828796,0.921059462,551.4986114,1.99611588
22.40111128,17.70025342,57.36889405,658.8598321,7.206510697,7.20303974,1.914819502,909.3628288,0.524109142
19.24203486,24.22386789,66.26209202,329.1792317,5.868329884,5.084563245,1.432361188,762.5802018,0.156204485
26.73907978,18.00813564,50.54572004,209.9340276,7.223560074,4.999435347,0.998318419,466.6295117,0.940749287
24.39895444,16.67947359,68.73492144,741.9890071,7.057734405,6.153481123,1.472382865,769.9294781,0.576116037
22.53699292,19.25604713,64.72095532,792.5059639,7.495422304,5.371022153,1.225272068,625.831883,1.994369757
23.56344814,24.93001029,52.44383881,991.7838881,6.845944274,7.931076541,2.106174634,891.4571222,0.629007408
21.24435059,19.15935307,64.75454384,902.4843449,7.03491156,4.343401369,0.80906412,407.4488154,0.643386103
27.39066579,23.24685603,46.86830729,564.1289892,7.373523771,6.670336388,2.171573196,1008.12308,1.124392716
24.29777666,21.46110616,68.50203408,538.4090712,6.920441742,7.658477588,2.020163501,1140.8726,0.322931067
23.38846475,21.71407145,45.95113572,640.7455976,7.158020442,4.103813678,0.780468986,562.9960808,0.411562378
20.5642347,20.35172588,51.4071993,646.1195847,6.260367017,5.605224299,1.067007614,605.7565353,0.983582113
22.32918547,22.57274915,46.11968919,974.543835,7.182934702,6.132705884,1.310154776,740.8159536,0.142189748
22.59184209,19.78772142,66.26695476,513.7636789,7.042409196,3.425928323,0.568185738,304.3633997,1.704002594
29.00676279,18.64669121,40.64277843,311.0614076,6.520078473,5.525881338,1.294958843,678.448809,0.713464031
21.43383983,18.94642937,41.18578366,481.7711133,6.598867374,3.874949844,0.952079347,404.4766401,1.184210767
20.81315842,19.32896046,51.41674202,838.5817158,7.370079028,4.027978978,0.891826506,418.9628347,0.566506042
24.35216976,19.16659698,40.85338302,373.9174178,7.080402306,4.2441734,0.931181854,584.8561871,1.216067339
25.87399572,22.16207172,68.54660539,925.0319277,5.942128194,3.294146962,0.963293813,447.6348879,1.056753
25.6947082,23.26695155,67.82143591,549.2840906,5.567943289,3.516488777,0.729567878,594.0097726,0.080119393
28.69144274,17.87581238,41.08530287,411.6364608,6.092363075,3.985236188,0.664375805,490.0202563,1.189742774
23.85028028,22.57369247,45.09756552,915.1700435,6.765134356,3.480291238,0.537931664,338.6639166,0.85435897
23.90135211,20.45088859,42.0214733,604.2202736,5.974021808,3.256091678,0.575951347,341.6481518,0.574470766
27.51228804,15.61283742,47.88003402,373.7450699,7.253876177,7.461312117,1.681880084,938.2669133,1.602747922
21.37936918,16.63756834,42.56016449,812.7305804,6.264057172,7.845182615,1.97396164,1067.023095,0.192994678
18.77016944,18.91345802,68.15467108,361.398498,6.087428707,3.344639742,0.596144509,312.2605849,1.379489279
28.48926412,18.21806413,52.67727401,218.3977761,6.930487149,3.337870126,0.63929517,353.1031453,1.426813744
25.63556858,24.75396282,58.29578813,856.5252645,6.088720745,3.177405068,0.560317936,438.2336304,0.378188076
18.8818536,21.12793277,43.44541038,874.1451048,7.408425755,5.309500578,1.182134931,700.6834542,1.099241139
19.09822006,22.92226921,53.38938363,566.7152651,7.099624506,7.535592243,1.53931214,1119.76416,1.879604259
29.78890873,23.81125767,41.78461283,366.6693327,6.424536901,4.255800779,0.540879516,562.0735872,0.413783999
28.51280941,22.86284977,49.14202089,227.3505267,7.195829437,7.881308601,1.56107796,910.7510593,0.953817258
29.40545208,23.73571154,69.23538702,625.1472084,5.656725377,7.70930192,2.24825969,873.8084077,0.095209499
24.6999043,24.79546875,46.3065624,925.6225739,6.827433081,5.314023985,1.185236051,696.904597,0.083605249
28.10065315,23.89043827,41.3684821,209.542369,5.693779404,7.427382157,1.86891364,985.0138865,1.211894614
25.60416037,23.64157259,57.37937524,839.0471824,6.064985754,4.494941876,0.518341601,375.7310833,0.827233647
18.12058211,22.84980126,68.91920797,689.9370441,6.352590162,6.070024379,1.447603419,702.3354884,0.159802181
23.10225575,24.9490058,51.65778909,863.4829619,7.184161045,7.298170228,1.607172011,978.9649467,0.640165252
29.26296544,16.37660005,67.90181861,369.6975895,5.657508091,7.2989259,1.742470504,907.6972924,0.458002823
28.1905399,24.65134268,53.8624363,716.7591808,7.009687428,3.754568326,0.510035599,396.6237497,1.331371237
21.56956215,23.17081816,46.93427093,336.3566807,7.164521696,5.31717201,1.163748676,623.9524264,1.303230711
18.93494504,15.62523963,54.73299412,305.7832098,6.107192397,7.835790921,2.093592454,1071.640928,1.209413533
29.81092,16.85273037,41.6559529,955.5091383,5.783262621,6.183756858,1.249221099,617.3840576,0.974352679
21.43127725,20.15639057,64.29479195,329.4769742,5.757476275,4.074213084,0.793420559,523.6318423,1.126305784
18.14434357,22.20320746,61.28860761,937.4542624,6.087086516,5.647489319,1.063790151,656.7551812,0.214654072
25.10939517,21.58620622,41.19357529,235.0556025,6.050556927,3.726164593,0.822958621,471.2334914,0.958589319
28.65518263,21.41696213,64.06023862,587.5597623,6.282474666,5.534145089,1.493257624,721.1549639,1.382446825
29.55132798,20.06581605,47.60921818,430.0082818,6.795018346,3.474453583,0.550891236,345.8577418,1.974770985
27.70488993,18.55853291,66.36183898,336.9069972,6.918504011,3.491915457,0.580340687,355.9701072,0.617944623
29.1160162,15.51377479,68.22840976,822.8018483,7.224027551,3.570190337,0.586686798,569.0296274,1.921826567
24.82128436,19.45277854,48.2225771,870.5439518,5.615847877,3.160467491,0.762255695,423.1190481,0.69124165
23.86383307,17.31462232,52.01363936,590.1276827,7.436638712,4.964757234,0.556019451,419.3566797,1.800706364
21.18922062,16.25952459,61.4708804,815.8876426,5.622661568,6.45420565,1.432753563,763.4144142,1.575505541
18.77660745,23.23972258,52.87657435,934.3162626,6.652806915,6.886854241,1.670887587,1067.457288,1.00448287
22.00292849,16.20413291,44.11662785,727.9872546,5.660619941,7.894063984,2.056762893,1028.645076,0.472649184
24.49075641,23.83424033,41.55901337,497.7693929,6.866454265,3.559958187,0.884746467,356.1131246,0.677026942
20.64922591,15.19373189,57.14519189,770.1755164,6.865545836,3.647358473,0.712718219,452.2831136,0.832925213
26.40629845,16.45946114,56.68455678,273.0597227,5.875493734,6.863614599,1.614836825,1044.248017,0.197536856
26.7373653,18.79481135,69.32154335,675.8503669,6.477156305,6.93294583,2.081238221,861.7450861,1.337310035
25.88920848,15.14757151,56.17522885,762.7378851,6.587476749,5.721710153,1.266294716,610.3647074,0.544408466
28.13330626,21.29780303,44.45734368,934.4721448,6.842711274,5.504906417,1.067207338,612.6749941,1.804994875
26.25635003,21.56417966,64.70730585,551.027142,5.70598986,7.984940349,1.822353845,1123.949778,1.369694611
23.31423737,16.46795362,41.14038354,934.6695193,6.052442136,3.50928131,0.840751361,528.068358,1.806142655
20.19227741,17.08520076,44.84743775,245.0194678,5.958499944,4.191277481,0.735788094,423.5522742,1.837473052
29.33000627,16.14839503,45.4861548,687.637654,6.529229352,3.697736533,0.964764572,549.1858223,0.775965359
19.77243366,16.78492485,46.24003897,587.251506,5.717636652,7.947540366,1.624297223,1092.34699,1.296056953
18.40789471,15.37518925,45.28176072,472.8385875,6.752486375,7.907510685,1.681233066,826.5985069,1.578192468
25.70074305,17.06843888,47.63014167,559.1633947,6.105230688,6.111680974,1.287236557,768.3657554,1.898170273
25.02907137,17.73920342,48.34857854,370.360704,6.391124452,6.709658565,2.295267312,880.650928,0.137887117
27.45302256,24.39112552,56.33414438,613.6269624,6.221066474,5.245483914,1.082132899,762.914944,0.633456234
23.91969663,16.10620554,45.00231576,457.9750483,5.653693458,5.997795831,1.261532712,671.7660968,0.457806261
20.92308547,22.45504203,63.44597622,845.5959299,6.98973099,4.754401082,0.696222554,544.9798318,1.583682274
27.11968597,22.0193488,45.58236599,287.8827313,6.296866978,7.158702363,1.876944429,985.0719143,1.371026341
21.70398691,17.96318144,65.91232221,325.5843705,6.59069099,5.452066811,1.37380469,700.544078,0.937683693
25.28838761,22.8234767,64.65932263,889.0051089,6.007393707,5.348319043,1.449787287,676.7782443,1.936198976
27.10544665,24.44465858,46.56746023,575.9643802,5.734311203,5.815329292,1.453236055,724.8475992,0.68404429
25.15075981,17.25371609,58.99101707,407.8341803,6.69790861,3.233796081,0.969916062,488.3124159,0.452817842
28.34804159,15.03610014,52.57920537,655.6423501,7.379909213,7.002358422,1.639272073,1117.610076,1.733667731
27.97304868,23.79988323,49.50055476,867.6988374,6.643074508,5.930109134,1.266730546,778.7785166,1.421105871
19.05368324,16.44511467,56.02722291,335.3489732,6.270324072,7.682895817,1.65167488,924.6888271,0.090161947
20.93587075,22.79346064,41.97037524,531.1884542,7.383529729,6.87273371,2.243946293,813.4129739,1.750485975
27.08149791,15.74008739,57.8384477,726.0924317,6.946650142,4.13977937,0.881229343,563.029691,1.19233831
29.83962821,22.62499364,68.32595261,789.8657802,5.580034278,5.513122623,1.410628652,622.1263474,1.473112124
27.41346537,19.03551787,51.94967784,201.7361725,6.134534845,6.269678438,1.063744331,679.4574581,0.396653325
21.88172934,20.15838513,61.46567747,505.4500186,5.603685911,6.195943049,1.074958714,645.850279,1.831723344
18.07658046,15.18241909,56.1928233,913.2664576,6.575806357,4.444505137,0.860018268,492.3442899,1.192249224
28.06868424,16.39382178,46.4551424,809.7461789,6.840162656,6.040922667,1.271362222,650.3598118,1.719503617
24.5667497,21.2812001,54.1328489,959.6685585,6.145108867,5.51854399,1.090798858,781.6901123,0.277177071
21.60092485,21.84366697,64.39419843,910.3758829,6.284028412,5.875087692,1.200425708,692.4011607,1.642758123
29.16231338,19.95514264,64.07656555,598.3379516,6.141434971,4.894566679,0.576675702,475.8689496,0.647773204
21.44992611,20.45224768,69.01066594,792.7701263,6.273629931,5.758833018,1.305727118,603.6220368,0.943806987
25.94293012,19.03437646,66.83532618,815.1058487,6.722320769,4.744247818,0.966059141,469.5399551,1.626029673
21.16264152,20.00071065,66.59485479,469.3144201,6.540270609,7.544976236,2.422499381,1082.895454,1.595309388
23.5972301,23.76707429,47.18794686,401.460321,7.301320561,6.728808564,2.07628836,1042.686019,1.106857099
28.09152211,18.89240741,49.7996226,960.172447,7.124927889,3.848261343,0.868222118,580.3101044,1.133402204
27.38857907,23.12923472,60.30159543,289.960649,6.70382006,4.851137026,0.725419686,333.9714138,0.288190188
20.33880491,17.53546457,57.1448653,951.0328298,7.364882363,7.977261798,2.338898086,849.8650725,0.625531699
20.85803463,21.22876039,57.92195005,992.0737818,5.844787608,6.381262824,1.434948181,703.7676114,0.0646609
21.82717238,19.91782315,44.23079834,669.2563908,5.641228672,5.886913154,1.199501352,610.9523278,1.145124469
19.61879791,20.07523443,54.82149718,942.6435858,6.027877789,7.002795862,2.302853449,801.8528092,0.80758763
19.38043454,15.63176527,45.33443804,653.927075,6.0844791,5.500248758,1.199084347,707.4791206,0.353308631
29.12718183,16.58451576,63.8256798,508.2803303,7.4647373,7.879783425,1.846345994,938.7812808,1.625187969
20.20433777,16.9406117,57.74945775,872.482129,5.832478991,4.475002496,0.72610897,367.3814469,1.628539269
21.85538443,18.46036095,63.13450287,919.6909425,6.890848216,7.178659274,1.64085702,870.5547946,1.674651585
19.5492496,24.04269255,54.85925876,656.7101448,5.843411135,5.747551659,1.209462725,782.9691802,1.97300613
21.6320314,17.72457064,61.11411478,400.4810257,5.626570612,5.543590849,1.290294175,726.4528576,0.899804348
23.79791211,17.5455067,53.10340436,559.7582281,5.527562291,5.019641685,1.331768686,635.6071934,1.04577655
18.6739696,24.24525694,53.42869479,334.6407305,6.708227352,4.922140635,0.574331364,424.3872371,0.316434872
21.61447467,24.73720121,47.95718715,942.30386,5.545983347,5.128024502,1.498437126,700.4390021,1.236748233
25.02371998,19.71006747,62.0097908,753.8430396,6.038316746,4.190770035,0.533538239,524.9881411,1.709155899
24.03958645,22.87973595,51.84999034,398.7373487,5.654782307,6.81485839,2.398054289,882.0558562,0.071742044
21.25250615,22.10568767,60.0431373,889.0177123,7.019842842,3.381375441,0.518274834,441.6200835,0.546863885
29.40586166,24.90602632,69.8128204,819.5275231,5.603673003,7.3472617,1.565708639,1110.211047,1.94922138
19.68020149,22.29111753,60.75617501,543.4118556,5.710249077,5.679933252,1.262195135,688.1525494,0.196165554
23.33443041,18.29737663,68.48812754,748.6668548,6.576486944,3.801526122,0.779820166,346.5720738,0.159597772
26.57784901,16.92234211,50.51896022,272.6525119,5.897154029,6.772892196,2.361785621,1178.446185,0.992796305
26.42813477,23.2342863,54.7119662,407.3755412,6.916608809,5.559963974,1.135372337,728.7999086,1.141207096
26.31273106,23.14724062,43.55921983,810.4689025,5.620880324,7.113101257,1.525386356,862.4610389,0.303477432
28.2028878,19.67549178,53.83442276,701.9089707,5.807615406,7.573958343,2.158923942,810.838397,0.439517432
28.70441867,17.02895799,54.67228746,719.8937958,7.058840364,3.443944324,0.615537398,501.5678231,1.440443328
22.90204248,22.02093676,47.39337846,443.3245288,6.757114299,3.039421076,0.552054291,539.9748256,0.588687986
26.63386973,17.19548131,59.57879422,626.809665,7.002256304,6.767816993,2.152746108,895.2731124,0.900440494
26.42082706,16.58256255,41.08666553,813.0506745,6.685820863,3.198882786,0.621586095,516.6800796,1.767726451
28.83015899,16.21851942,56.48557811,672.0993195,7.017741254,4.711392936,0.915109932,419.1550589,0.350142052
26.57452741,19.01072846,43.90043052,823.1912204,5.535065544,6.002127705,1.102492148,658.6295461,0.553463099
26.71999101,18.07611105,65.41103576,987.2998063,5.957177415,7.844503728,1.513001924,834.2034123,0.638909072
26.41706267,17.55700129,40.69675525,987.2083033,6.792928697,5.311829383,1.013266102,636.287087,1.086175286
26.74095905,23.90402294,65.74063985,325.961494,6.468321416,4.166083122,0.710712275,567.8015133,1.64351402
22.21269757,21.46883855,66.12251861,705.6225895,6.494608455,4.634887123,0.670908676,377.82703,1.533765072
21.70366332,16.83770601,62.31537439,572.7545817,6.768464636,5.569538612,1.295147471,653.6127282,0.643737384
24.10758414,16.24623236,49.62304774,944.8335248,7.276721973,7.436223362,1.909411652,1020.818872,1.270088976
21.79769173,23.66527211,46.52277292,693.1340472,7.305798206,5.654189794,1.14723288,789.6906614,1.405540863
27.58928066,23.58426738,61.35127882,999.1524446,5.831114294,4.527211588,0.570056588,560.5403928,0.479020772
21.3449958,15.61755856,68.84648404,235.7036549,6.462079663,7.231146797,2.394552227,1119.942102,1.000035758
24.39747095,18.15414271,44.1982646,973.4294479,5.744313388,5.637820257,1.011234654,653.7354719,0.612417029
27.40448865,20.69852045,61.47788866,953.5242794,7.040825068,4.083268429,0.81673911,377.3663056,0.164827813
23.37964779,18.68620423,52.32446136,409.4296407,6.05532873,6.709034111,2.334930237,1193.760872,1.788021157
23.36978239,15.44009467,52.15638903,920.4244655,6.256300028,4.051380365,0.585839643,381.692198,0.749970782
26.69142956,15.94668913,62.0838153,828.866799,5.639160498,3.036781353,0.957149403,335.3253249,0.992278602
20.74993025,18.32903185,44.88951957,348.1821495,5.93887681,7.364774713,1.774055221,1021.671201,1.592207773
26.44364261,17.21499544,67.78201111,555.9594377,6.508305818,5.977130583,1.414870902,641.2842544,0.306267469
26.48001031,24.87382385,62.17147943,386.4555613,7.193811993,6.516493743,1.63688563,1160.007457,0.436456608
28.03934023,23.60653777,48.53982908,277.2811299,7.415283068,4.747780155,0.798706551,480.1550581,1.420132497
20.18555607,21.17553844,54.62268269,992.4133654,6.626346941,4.330073349,0.587685639,574.3235838,1.645008617
19.90842067,24.7441523,58.88490895,761.5879821,6.650325164,5.628155787,1.191569264,703.7835411,0.317305505
24.8975828,24.33709446,45.77758384,214.4706446,7.444837348,5.07044895,1.083141684,747.6067233,0.288449641
19.1383932,16.9904371,67.09234007,702.6202504,6.813647765,6.624198002,2.103152109,898.1396439,1.003312442
18.73040961,20.40657669,61.36656944,787.0324528,6.917217246,7.083943421,1.788693737,942.2690866,1.561843466
25.27649655,15.31347931,53.37679005,449.9381138,6.817258699,6.078568858,1.148560858,713.2809281,1.302865212
21.02854376,20.41243829,53.85686474,590.7270823,6.813903955,3.952100804,0.831835583,581.0489218,0.782687799
23.79255449,23.00095175,47.87400083,501.1233967,5.675323462,4.465144194,0.607470189,309.3549405,0.147261804
20.13582811,15.64346414,47.26176435,978.3417255,6.823394987,5.393396066,1.297538965,610.2851627,0.578323758
21.41335568,22.59435473,44.89819429,742.2742782,6.445609684,3.992732494,0.798421424,400.2731672,1.036109602
27.54991624,15.00371007,63.23790663,485.8037123,6.565342243,6.156368306,1.053299127,615.0275563,0.706616854
28.47002833,22.04954498,41.71327834,296.4853745,7.106396758,7.592283134,1.995491316,1075.360959,0.755031659
22.37888837,15.22816561,52.41826176,232.5589313,7.405532814,5.652241008,1.123201017,763.8204635,1.52928683
18.87752483,19.0238578,61.92883527,699.5096374,7.374434759,4.598831758,0.847348235,381.6435412,1.255005817
25.81007306,16.95921026,46.46374726,875.4478597,7.40063171,4.180461334,0.680486948,327.474622,1.02620865
20.71390516,24.3302139,68.46334941,741.8921643,5.731429359,7.875970363,1.636818631,1180.094942,1.08175953
27.73585924,23.97844383,53.72079371,809.2515945,6.510992368,3.892011546,0.592566464,462.5702842,1.20007133
27.35337862,24.03801331,57.34366973,678.8443127,5.523255647,4.745891672,0.866112443,541.9683444,1.953270259
24.34122072,23.3613803,60.78536829,387.3174932,6.666973787,7.48817505,2.192276565,1139.678261,1.142144201
21.83651448,23.75360844,43.79997011,981.9480794,5.633357255,3.499336018,0.744712482,366.3628325,0.571560079
25.81736044,22.06886535,55.70589945,380.7727629,6.240675521,7.981502012,2.44405934,815.7707245,0.281582143
29.3750884,17.08336948,40.51156787,403.8401831,7.23983146,6.058362759,1.462624159,636.115069,1.848581964
18.97002125,19.42337225,48.03197537,372.2476498,6.255581934,7.351917846,2.415488298,813.5783914,1.020133496
25.01977516,23.26550153,57.26775328,309.2102623,5.827910509,7.546130401,1.797349007,1169.758478,0.864970525
28.04630199,24.07063374,68.37938744,226.9010938,6.913800272,4.94211649,0.972133245,442.264265,1.596346748
19.50158017,17.29917659,63.28953424,440.3021526,5.569604569,6.293063976,1.422274699,663.8200946,1.711082175
28.08552013,18.27984285,56.93752677,285.4107578,5.781610503,7.743373211,1.537007635,1038.507951,0.35730613
29.31392514,20.49612312,69.43580464,281.7655491,7.206702432,6.845013256,1.620566886,830.7812807,1.646932659
27.22152298,22.01075927,55.28664223,616.4081724,7.346427275,7.544433164,1.839874964,1089.906709,1.296139485
27.64777274,19.62705265,55.73096063,472.6943274,7.303716011,3.130712682,0.657645169,461.8473877,1.745996042
27.91992615,20.23143803,45.71553696,350.0429397,7.238331714,4.58144633,0.659376251,487.7674129,0.122833996
28.41519935,15.40485365,46.34566521,425.2526907,5.808106486,6.328966622,1.307931594,646.591895,1.275296563
27.90747843,15.44658953,56.90226311,510.3915511,6.210212086,6.536601172,2.370098874,808.5077643,0.271106274
20.82752103,19.95819513,65.13944817,649.3244861,6.115909165,6.312052509,1.264468567,787.8135397,0.720678323
29.03653227,16.42925499,67.1770364,547.2956363,6.277827639,4.597566472,0.998967055,405.2135446,0.464011502
24.97874944,16.02895662,42.87212693,673.5058324,5.743272881,7.650782433,1.901930914,991.9502481,0.452686811
27.89766438,16.68134052,44.63365491,436.3156733,7.15718979,4.255010926,0.936838557,595.2250408,1.30535642
29.18305565,17.29678193,53.21652382,483.8859989,7.038501701,4.536546828,0.708883391,426.4071007,0.860010506
18.57102753,24.2185524,44.8558519,634.4387802,5.612742948,7.606373452,1.738777146,844.1896453,0.347860834
21.89245462,16.97172458,52.06247153,919.8311045,6.893573146,3.709244315,0.643619496,388.8924361,1.182917642
28.11379951,20.78137087,51.79635244,820.6184255,5.657311642,6.850411627,1.54209319,807.1495739,1.70184663
21.963611,18.84530472,44.25247978,786.9776068,7.034038362,4.975444779,0.713886567,415.2979941,1.153228956
21.55320098,22.65896637,65.86910224,534.9917879,6.271037523,6.019470924,1.109126944,789.9922368,0.903813786
26.85251127,23.11276614,47.47378886,839.6132084,5.683162103,7.679517522,1.589411002,967.0323103,1.943406118
24.25770688,23.74298364,67.35296968,549.6048535,6.220458817,4.758236615,0.972366011,440.2204534,0.519152449
21.05296476,23.89919327,43.21440263,802.8853119,6.714822073,5.920117084,1.083516973,798.2337252,1.57419489
26.54367634,17.104036,67.00301229,761.9370904,5.899486099,6.847507552,2.442731774,1059.85866,1.783099285
25.1486147,19.44322548,65.17070672,750.651528,7.132284269,5.911605192,1.256344256,646.1339623,0.811755219
23.10314768,16.4613818,53.3373175,486.3478319,5.821070194,6.764792048,1.720486209,874.5753049,1.026632826
24.66055717,21.33129548,41.23910696,375.4558685,6.87015801,6.16937671,1.17506263,611.5685353,0.556736341
25.15360061,22.76079428,50.07179328,874.7820676,6.026863232,6.453653945,1.441892942,785.5504566,1.357899694
21.00152671,18.55887587,67.34102231,306.3670063,6.693093561,4.989815645,0.586947625,418.8726057,1.745599316
29.31275703,16.4697622,62.18416232,583.051157,6.248055114,6.137357714,1.348010309,630.7791813,1.590747106
24.88546968,18.25061081,50.07145418,769.3603529,7.167154779,6.223749687,1.112220286,644.763523,0.277303014
27.59567029,20.35671244,47.07283545,534.50279,6.477866196,5.805461634,1.296469967,716.0172416,0.559273858
19.99070452,24.8284881,57.87174319,588.7554879,6.869011963,5.137230256,1.438730431,653.1200085,0.655163203
26.00895716,17.54419264,40.41897592,501.1502018,6.873819152,3.259029843,0.94437404,586.6954495,1.679294508
28.81944176,16.0600775,54.32717962,742.0514093,6.528736364,7.793191426,2.309516075,1062.096792,0.715982107
19.94939518,17.14541588,67.89806399,991.2418266,7.212862912,7.326286056,1.58698676,963.3812852,1.276669054
26.16075916,23.12644211,63.79066412,690.8447398,5.530083926,5.559032776,1.129876892,744.6840227,0.603892826
20.35544212,15.88969959,48.59014873,920.2114786,6.409385629,5.743813603,1.040523108,644.0366404,0.1068846
20.63104665,16.96779719,45.7198076,208.3443927,6.927090926,7.524888145,1.576130859,1140.482766,0.234616374
18.21877068,21.31328889,40.99872032,819.1242799,7.334165018,3.990293054,0.740293289,477.7223354,1.624298551
27.30609239,23.5303933,51.10616844,465.6783755,6.84950318,7.737021449,1.847809208,1071.206461,0.456388422
28.08755695,16.31611791,42.04916458,239.6920229,6.339062475,4.131463928,0.633514135,563.5889959,1.872033177
27.15701889,16.56829226,60.59087007,864.8935146,5.711976003,7.696139032,2.158451835,1140.232692,0.261982456
28.65626405,16.46386857,54.64225143,422.2685321,7.260990865,6.300941301,1.354181488,767.4026657,1.309062011
22.53774251,23.7639194,62.78402949,246.4890035,7.25880678,4.394942923,0.840070386,485.5834135,0.450688056
21.58397071,18.5540057,46.25975795,362.7153091,5.71121476,7.629074959,1.658605105,1152.348304,0.965119146
26.63364996,19.32181209,56.25114084,932.822492,6.704480254,6.307765292,1.014623642,765.1633501,0.386521433
23.04981472,20.01348942,64.56233472,818.3660748,5.587290959,5.193304801,1.167559427,748.7016513,0.122893445
21.51501714,21.6700314,42.43276304,910.6730798,7.276166068,5.241139844,1.408983512,766.4268356,1.323151765
28.40608825,16.20351137,41.84502353,949.6360175,6.75396573,5.761201601,1.003192936,657.4076266,1.509963624
28.760922,24.32514301,40.02875752,725.8259163,6.050253442,5.925390378,1.490593089,726.3627054,1.551550779
18.71374457,19.24863545,47.49653864,929.6105408,6.830884394,3.519607162,0.817002852,461.9956139,1.467872321
20.72158374,19.42299611,40.90022115,482.2862154,6.184213371,4.55969079,0.553490319,528.3083708,0.854304937
29.77528275,16.5715378,40.30793068,760.2962237,7.086261036,4.082533157,0.981496002,402.5616498,0.227039113
21.7912343,23.39009616,69.0931758,685.8112121,6.434327623,5.94893284,1.466014053,620.5019456,0.042917058
18.47767536,15.98555229,45.59476507,794.3956901,7.181256551,6.405842731,1.343942861,613.5674118,0.4908663
28.0830208,24.58021046,50.62789124,768.2204068,6.214604011,3.601927134,0.854086044,320.2051804,1.79547927
18.73639727,16.89569402,68.61059388,391.6610548,6.813401088,4.16434092,0.672941528,486.2746553,0.127349967
19.11634186,24.44723757,66.45080399,560.8542357,6.339685061,6.568613051,2.371536806,1189.395588,1.29999631
19.962002,17.55944295,62.86774039,959.9920023,6.609298217,7.953316783,2.249651832,852.0344961,1.380604733
22.68175983,24.85403509,68.41766647,982.2794304,6.270543855,4.516526392,0.512293458,306.6370655,0.191233124
22.26520027,24.26421988,64.85568595,357.9764166,7.446982169,3.647220438,0.744321595,531.1222253,0.368488787
25.11550407,15.67862992,63.08883807,757.1416267,6.653999267,7.524943065,1.945902706,909.4506665,0.922177419
29.06190296,15.87678115,50.25464142,407.8464377,5.596808437,7.99568675,1.926181302,980.5548097,0.284037777
22.52530287,16.23184395,61.5108885,387.7938077,7.424134936,3.327247642,0.897404774,508.1046677,0.517572043
26.35420487,23.09428781,69.6290835,557.369216,6.614126511,6.831154419,1.582381046,1072.199721,0.167275607
21.68570564,15.10575197,63.92402784,387.6229214,7.343527747,7.481766821,1.773259527,1180.345425,1.938859384
29.69044225,18.38045259,61.36910145,914.1211051,7.337270675,5.226586838,1.216167401,788.723184,1.320831244
23.00274671,21.54205044,42.63072385,868.144031,6.384330528,7.129590975,2.138525948,959.0377592,1.76306351
25.49103094,24.97925722,64.12830623,282.2047297,5.811107459,3.548430405,0.991988824,422.8002019,0.316697477
21.71423614,18.48095458,41.03327451,492.0335445,6.317833643,6.341148806,1.114977303,642.6209408,1.399629343
26.3441571,18.09443011,50.51015243,576.0846909,5.745209787,6.546701124,2.151666825,947.4105375,0.970933155
19.85194181,16.08583045,61.08587621,549.1903928,5.517240985,7.796537375,1.973209907,1187.277371,1.036020768
25.84183239,23.33221886,68.42305357,253.2020409,6.990269829,6.778288274,2.368623168,1110.638741,0.588145704
21.45719059,20.76407082,47.56038435,762.2997549,7.189459464,7.656382767,2.344783228,1104.409596,1.103087398
22.79851253,18.64432295,64.3378368,365.6505183,6.626475351,4.252440643,0.565622439,309.7578538,0.22909163
20.1034284,20.5526662,66.84882424,895.4617909,6.639735735,4.841695696,0.808325157,538.9611873,1.720136321
20.61604935,19.57658901,49.32101319,267.3287325,6.976016623,5.722283527,1.058654094,625.0371584,0.648938314
29.15945108,24.4777096,48.71404477,695.7104308,6.983423687,4.371130574,0.715152947,360.157418,1.902123844
24.5548439,17.58720356,61.30975524,410.6067785,6.316853691,5.73739182,1.032104469,716.3942804,1.069350338
21.57076091,22.64040933,64.56600481,524.4810753,6.460813063,5.403490107,1.39877955,662.0723918,0.924788289
19.90293047,19.73900921,40.12125387,941.4652751,6.997463676,3.910440298,0.50581027,321.7340663,0.603168192
25.62167493,21.86009296,63.30705295,360.0651285,6.439136933,3.784987113,0.739969417,480.0061644,1.287281343
21.56832367,16.13992808,65.95136348,333.3277102,7.331855625,6.937493868,2.194981886,1144.048959,0.448838721
22.97523675,18.39718293,61.4825011,577.1464317,7.110227712,4.559701978,0.519809413,444.1520842,1.766215748
18.11397333,19.33047038,65.89116544,307.9945554,5.637854988,3.209860357,0.621022508,595.998778,1.55528727
24.42057373,17.48331663,60.85301969,467.8525828,6.688071852,5.213743314,1.249444077,723.6311469,1.729594243
29.76867559,21.72220564,46.63337806,712.784888,5.744080468,7.553697456,2.059648683,803.908339,0.32383034
18.47418212,19.77642505,60.88375427,604.1555572,5.816046173,3.652922616,0.758855822,326.3599497,0.367299562
18.1139026,18.06422221,53.72261938,833.0409075,6.836674261,3.701253862,0.516601554,323.5735491,1.576302806
29.03113111,16.59436929,54.58475668,688.4566241,5.907316386,3.793846552,0.566357877,470.2622545,1.161720504
19.52681324,15.65253967,54.62474684,556.7035795,7.047811173,7.534197454,2.300586699,880.0600977,0.973497581
26.96066201,20.03288714,40.45318057,764.1130783,5.821232926,5.251223873,1.05228392,727.2860499,1.379349452
20.76253166,17.89482835,40.86544725,996.0735564,6.997674803,7.55971359,1.531586145,1174.484898,0.054852595
26.41420167,20.79575269,65.21987187,457.0702667,6.164857186,3.103942567,0.770648168,512.7181558,1.408846051
27.6264043,22.75061277,51.0014159,523.1145178,6.472072859,6.306453686,1.357043466,760.3456166,0.534763172
22.48152759,20.80065629,57.74344335,533.8082775,6.924511499,3.678900385,0.907412557,324.0344539,1.044823462
25.79652735,18.02386115,40.79112931,658.526329,6.169723811,6.342224984,1.273796188,763.459554,1.30560996
25.86582167,19.05107041,44.84244231,537.1852015,5.911326887,3.904636569,0.821788848,457.9207983,1.538647357
29.02885881,24.63910921,49.13608109,557.2718735,6.849776121,6.097384283,1.040814991,612.0704168,1.292254555
23.66453575,21.04545715,63.8571634,639.0212205,6.757488076,6.870654851,1.65954468,1148.713427,0.098274008
25.27331287,15.84831781,45.64126957,809.5010188,6.156364188,3.438427975,0.987932628,401.0687375,0.737458628
18.93003887,15.31309754,41.41758501,855.9705046,7.183433023,3.364235831,0.894849254,497.6123327,1.117838856
19.55496686,22.59111983,51.01522446,561.3535651,6.375283362,5.747293575,1.277681775,743.8403557,1.122972525
21.09660486,23.87152397,46.6658578,627.8045753,5.674691134,3.456909483,0.998166958,592.4379486,0.809098968
19.38483387,20.34294993,43.13226149,493.7467292,6.518765097,4.300651373,0.599771225,504.0684727,0.266961701
23.03558794,23.9360586,53.32693511,584.7026906,5.631381222,5.108297613,1.015326251,651.5365777,1.971029835
24.4140555,20.62668213,55.7761486,204.4689829,5.922036965,5.693934435,1.434136253,745.433814,0.910026888
29.67954412,17.18568891,54.48674811,685.2541168,6.715845144,6.114059782,1.212746667,669.1869985,0.625528757
18.83906271,18.83215541,60.2898553,858.4831807,6.424960167,7.056558144,2.487649564,816.0436766,0.351927772
28.24197909,17.35491014,55.98022324,975.0371587,6.003146368,4.734062992,0.789337704,431.5846258,0.535010103
21.10348586,21.4780758,58.66982016,622.9283047,7.006842297,6.087886491,1.243334471,774.6846476,0.047013515
24.84868854,19.42243566,57.26834533,860.9591064,7.196155231,6.351052796,1.210860463,655.3655594,0.942858668
26.46951557,20.69687869,63.09285473,529.5782495,7.385200915,4.184700657,0.956181673,363.1986567,1.049609805
26.4766284,16.88035734,51.59127141,517.2048952,6.092588776,5.934449875,1.31578011,746.6226045,1.376968474
20.50834452,23.40036045,40.57682759,493.7181091,6.699877561,3.26313537,0.857912482,572.7097562,0.883697337
19.10132983,17.43941696,48.33887315,690.0966399,6.003816342,3.359366218,0.618771662,591.4185282,1.259549546
26.38154426,15.65529932,69.92896631,442.8624891,7.382792571,3.361953905,0.927192547,447.6833569,0.639968167
23.88783887,22.99679474,60.14055642,342.5306848,5.607164195,5.370846612,1.435374951,689.061051,1.608055132
28.25273927,16.45331458,61.60496217,900.8123938,6.421902414,5.772226031,1.179616685,718.5901703,1.384936042
23.61682253,16.79667611,61.68057116,873.512705,6.64915593,5.245285809,1.195540768,793.8824645,1.77706427
18.73538318,20.01879845,45.909158,523.1486962,7.095291304,3.516266865,0.828368332,397.5570193,0.829168618
29.73431155,21.05383387,63.38159518,763.2870384,5.605177746,6.160209689,1.06543683,793.964209,1.544139451
20.59098257,23.12203365,55.95392006,707.866909,5.872904212,5.680684312,1.118025232,614.6993495,0.832146563
28.63825692,20.74354447,51.16048919,798.8358866,6.647643644,5.254636858,1.259886974,667.4006353,1.663033124
25.60547984,17.99987899,40.38955429,754.0605692,5.998888189,6.243325049,1.215443762,649.7428545,0.643564499
23.76175157,16.93176345,50.98390389,483.5913089,6.901359148,5.92571748,1.353388608,633.4083816,1.50746948
18.92746119,21.58245103,56.13228828,317.1531727,5.528549513,3.335238433,0.518335713,520.9206045,1.792775448
25.06208814,20.18875464,50.70798503,899.6298362,6.42251395,5.995706791,1.237315438,768.8340898,0.782886654
28.37319749,24.30168621,58.81136277,692.4801599,7.168542033,4.611340306,0.792677182,560.4813842,1.917117414
27.4173348,18.3701899,66.24682157,712.2884961,7.436441621,6.808761815,1.611919619,907.8998446,0.067918282
26.44540343,15.04308302,52.90743547,381.8111524,5.521421866,5.085630284,1.265584764,787.3211385,1.952002926
19.84099484,24.19748745,63.69209432,692.5622694,6.352138427,3.078687081,0.561054957,435.6597085,1.166186698
21.73050676,19.6223986,53.08567345,412.3987462,7.081841261,7.900812526,1.816156105,1002.893923,0.25228699
25.44873952,15.11437627,64.10427954,872.0462136,6.204707327,3.083145718,0.5741716,595.9890369,0.300043044
22.55708625,17.76995642,57.69411311,600.9093619,6.564114795,4.930237393,0.50246999,585.5435356,0.456205458
24.56495511,17.94661959,49.94085852,928.0114704,7.471970649,4.278239876,0.933959147,436.4219567,0.708901787
22.6318276,16.54733023,67.89728619,566.6009592,5.890276571,4.031192057,0.74442329,500.0592773,1.590931853
25.5065806,23.59835638,57.79667977,383.940829,5.800438392,5.209476882,1.014986795,661.5859883,1.149794325
28.64544738,22.18903303,61.98421215,221.7786754,7.315940251,4.409361525,0.600926726,502.02973,1.045292693
22.66209073,20.98043496,54.41836357,800.2850528,7.232532445,4.939824092,0.546950358,501.7806355,0.672922224
29.97944273,16.564466,66.47137103,258.1064541,5.716377231,5.665625329,1.434071127,635.4299579,1.994925674
26.35808183,19.5657051,44.90877332,269.1206926,6.963925183,6.038938928,1.419057645,788.9228439,1.896295719
27.3845176,19.29212332,47.46863117,513.120789,6.367652139,6.024872042,1.248587382,723.569448,0.732949207
25.14750688,16.0977207,62.04779013,920.1260783,7.383461657,6.303357477,1.285304873,606.0774119,1.208031855
27.29159476,24.90715874,45.29601567,918.7533801,7.479745848,4.861897391,0.844763376,502.9540157,0.339412385
21.20920066,24.81238809,61.08764529,919.1744392,6.214440417,3.431350305,0.829442735,418.1593217,1.809453285
23.29887019,24.35589179,54.04411575,253.491037,6.07206837,5.976849466,1.053296515,731.5690609,0.622708306
26.07885912,21.1450894,67.1282603,901.2945114,7.286676503,6.499120589,1.024106019,795.4348368,1.881023968
26.32298495,17.97874619,62.35554774,683.3294372,6.797161672,3.813815921,0.935376725,534.7156452,1.411162059
23.57355654,15.37637633,59.56626249,890.0009118,6.484408338,7.350524391,2.238449209,1151.406225,0.344552935
18.7904594,17.30364663,48.47237704,639.0100239,6.559570752,3.808280643,0.663516581,500.2780157,1.448384965
27.78611356,23.11996908,44.48209779,955.0873394,6.915966043,7.711768913,2.262285135,1119.12546,1.820531757
26.95566784,23.96724109,66.66935205,384.9967881,6.953064251,5.653374972,1.408917108,624.0418111,1.853864479
25.22298564,23.29169968,55.06826598,732.912559,6.174929359,5.816733647,1.00287933,664.917166,1.175385441
19.04736688,16.52951443,65.36167208,816.0395777,7.324510395,3.73292307,0.698086346,508.640162,0.030231206
18.32214984,19.1105321,51.42612569,298.2682961,5.588784795,5.582837152,1.224346811,647.5088262,1.791989468
29.89187784,23.25472483,68.52835577,782.0635374,6.193642409,5.559877687,1.113634814,614.6391848,1.21351364
19.63938208,16.50977282,50.27293766,657.567123,6.703975394,4.206897187,0.834106399,485.8471038,0.491498314
20.34675689,24.84770775,47.89346112,957.7989426,5.599184029,5.695241066,1.18989289,772.6667299,1.219275238
22.24357194,15.41514611,45.07516618,511.0075664,5.849124497,4.03816357,0.739590939,307.6926197,1.48826452
24.05760356,16.93142593,62.61944772,719.8623658,5.803611073,3.682495655,0.690097809,419.6468343,1.659483971
19.53054353,21.7753776,66.01475045,359.0208418,5.781161685,7.370258554,2.033602547,1043.162037,0.96954218
29.63867787,16.94028434,45.40232975,732.9543092,5.951844198,7.647324892,2.312985739,1087.24923,0.518565595
24.59157214,21.83078422,61.78731418,742.3665918,7.114088305,4.911047392,0.509116291,358.7333957,0.505056691
25.72808287,22.15043946,60.02268794,867.1820286,6.451714246,6.511344312,2.147474714,1159.21222,1.180290658
29.28539944,23.91329702,47.00483711,755.9926885,6.328961724,5.365223445,1.463517272,612.0534781,0.648249603
19.54808361,18.21332279,62.09775327,856.3587578,7.134298817,6.40165404,1.175811344,620.2841657,0.906049146
26.31581936,24.07356795,42.7038134,305.293493,6.806892007,5.728807639,1.128388284,656.9745804,0.425528124
21.53958777,18.70899424,63.66754015,453.3192927,6.553243301,3.61457993,0.901512949,461.748383,1.263517543
28.35995462,15.12208703,45.58347837,471.3062089,6.557571477,3.622615398,0.805166892,514.8452023,0.893568652
22.83928518,23.31699447,66.62138881,674.0679794,7.055728345,5.408936001,1.206774551,624.3772187,0.585323497
20.27954023,21.98287629,47.94694872,873.0376559,5.973694387,6.771724024,2.181117854,872.5753391,1.693561117
19.0407812,19.32216218,61.89725352,283.1053935,6.382234844,4.050326767,0.854523131,332.0630769,0.934853342
28.04816036,15.80304858,47.71974279,857.3782151,6.313523787,7.350968329,1.756562784,1185.17075,1.414362069
28.17065878,15.61597401,42.29989543,224.773138,6.507019731,7.22531847,2.30599255,1020.090617,1.00042341
22.47598059,20.31134852,42.58210228,412.8129767,6.31435409,6.565118799,2.133151376,1180.561337,0.785137981
29.64120591,23.35996594,46.34387944,507.9952625,7.070816764,4.20322364,0.90959443,565.261939,1.298301899
25.67935206,22.27223837,63.48847005,291.5970492,6.346069523,6.842119658,1.71204484,1044.392396,0.558600218
23.00864847,17.36622584,41.04428192,936.4060117,5.799289771,3.82205694,0.919930651,570.006937,0.023117001
20.87934898,23.05396684,60.71684249,406.4815079,6.789541774,5.530132069,1.118435279,756.105103,1.008620726
25.77059707,24.55156804,61.87309047,216.1628965,7.025707922,5.412209053,1.411307159,684.7476507,0.999625431
24.75686645,17.85461771,46.49036058,768.5769226,6.094392635,4.335099799,0.547767657,487.1577974,0.981088391
27.79687765,23.6257896,51.69589754,951.1532972,6.285107162,7.177651518,2.086608463,867.2056831,0.666503551
26.63619009,22.49990517,52.69917186,974.6384149,6.491642702,4.47374749,0.931398539,365.02194,1.564899915
22.58549044,16.32524096,66.9442932,668.3504108,6.192055636,5.143571833,1.011819293,728.3943001,0.984828752
19.98362065,19.17857643,68.34723967,800.7350642,6.039495222,5.910641054,1.273348706,646.3894192,1.859601765
20.08053208,17.38627393,62.93467106,335.299332,6.556332303,7.086358994,2.094476335,998.7067435,0.045748327
19.39520613,20.89755018,42.07718508,310.8593423,6.328306875,6.48167828,1.068219876,739.0289108,0.812213423
20.51731653,22.1749753,52.92354705,398.7806685,5.545640021,5.606478152,1.214099807,743.5195531,0.666868872
22.15575228,19.88380725,67.69843168,250.7223612,7.101544999,7.538654227,2.491255994,851.3577158,1.139183171
20.11534124,23.88388752,48.23609776,806.9534053,5.993973068,3.208219299,0.862169409,473.5160751,1.388062503
25.00308669,18.53792871,69.41841235,403.3721159,5.654614639,5.411241,1.039709684,617.1316499,0.075432173
24.30695071,20.29462205,44.03317163,663.1026993,7.479928738,6.341286312,1.095933662,664.6743124,1.061269779
29.82069572,21.4900586,68.48589252,805.7341841,7.230672567,5.339984603,1.177498153,613.8847685,1.584861716
19.5181245,17.86105021,65.23751607,999.6603759,7.263487328,4.038119582,0.533806282,540.1069523,0.124128424
21.91705988,23.5496906,62.27067123,413.9244661,7.213162353,3.467424164,0.770005957,564.0237263,0.420887506
28.48065808,18.68395069,46.46607827,813.0638364,7.111203422,4.301754738,0.766478893,397.3001259,0.792834535
19.92630492,15.22487168,65.06282627,235.6625189,5.62983149,5.49950287,1.334743478,798.8278722,0.884772575
28.42250619,15.42318116,68.21362549,242.5352097,6.892644247,5.992758785,1.278891709,746.130102,1.060683012
22.33597002,17.93528648,54.71185062,544.3502729,7.125620745,3.930411225,0.530071171,468.6890448,0.436119129
22.86259639,19.61219696,61.66870488,899.6726982,7.173583471,6.436437927,1.087651471,738.0009782,1.909513029
26.88453284,23.44560443,62.41585602,278.7191865,6.302567167,5.301400533,1.267913842,619.3352899,0.013611369
22.56690851,16.54172638,62.925074,918.2964901,6.831165152,3.900741873,0.878081664,404.2714573,0.207396017
27.73438989,23.29031451,46.75190953,705.6374332,5.727650201,7.497367587,2.295449961,1170.871128,1.014575794
18.31669793,16.75664516,56.73128859,760.259674,6.463526191,3.469284164,0.699657958,345.724804,1.668934067
28.29087179,24.35642047,43.76651212,563.0742434,7.403226147,4.984967004,0.963500484,461.9871391,0.409103647
26.78005212,20.75336183,54.83278888,809.8710654,6.103346302,4.684066589,0.760478989,487.0757064,1.610750342
18.46307455,22.43253755,41.92639629,966.5056496,5.983602997,6.633686648,2.25527042,851.0853935,1.589356708
23.19546423,24.2272806,42.41591624,735.3431557,7.256064764,4.652135261,0.891014044,512.6234093,0.289456472
18.79156814,15.35578168,65.89791681,601.777123,7.390376052,3.072320761,0.651564178,378.933771,1.909232098
18.69576867,21.61842502,69.29313903,552.4705053,7.214745141,3.720272815,0.543821373,581.0873469,1.351454084
22.55826824,24.75719481,45.1628232,790.4106108,7.304417024,7.330703361,1.805524311,958.7926068,0.115961208
21.23636785,20.37424523,48.13638503,854.6076038,6.66864223,7.170803811,2.100594333,1006.271771,1.109745182
24.6060455,21.02559966,46.47517918,436.869532,6.777387663,7.87908796,1.996963483,1196.863206,1.41949822
26.62679109,20.37489765,53.95551133,558.252344,5.700400423,4.702849915,0.604255257,579.1785644,1.03509069
22.81979747,24.0122674,51.88736412,726.5616874,5.746118146,6.674549597,2.317449708,952.2493174,1.646812005
22.28073171,24.8078029,54.93390808,434.5322676,6.836457979,6.316961481,1.434028345,761.18508,1.642641018
23.24610414,24.88382401,50.35513417,756.8447641,5.568205704,4.580060873,0.65233957,324.2757849,1.000756299
22.52490597,21.99985945,52.28840179,908.5455866,7.476431776,3.805960358,0.586762257,508.4853267,0.354874995
19.58520933,18.48353675,65.71101379,872.5575475,6.306214209,5.51914959,1.4878051,728.1944155,1.289358312
24.61766692,17.8800954,51.06647414,473.6317209,7.20581941,6.233720845,1.066262336,772.4028965,1.609077654
25.24605507,17.45287891,44.00126926,453.7958647,6.43792441,4.845514381,0.743530959,481.8758813,1.402517474
19.53581826,15.62355972,47.07096155,577.6528097,5.920696908,6.147214701,1.087419314,700.5132153,0.508617711
23.35461969,21.51669045,61.71676458,627.08565,5.51764151,7.097994542,1.646373992,947.0137689,1.394603095
21.63710913,16.75509031,65.04039268,799.9106389,7.367945377,3.136344619,0.512905953,340.5498867,0.12420179
25.66654104,23.48739735,61.05665025,463.9792675,6.99238206,6.444672667,1.274764768,793.1644322,1.900168408
22.64573612,21.25046494,68.62353693,928.3929821,5.817953049,3.864995757,0.655908067,451.8425589,1.433305343
26.45070623,20.24787135,54.47930466,252.2583499,7.45096444,7.159267533,1.605664684,1056.330526,1.170638543
29.92758246,19.44267521,60.8181333,733.5045619,5.840525211,6.824057274,2.119587955,1060.080437,1.164452518
21.02752408,18.47139131,55.40998982,717.01454,6.680818314,5.22803728,1.030674814,756.1523172,0.250327754
27.26618006,21.5480375,65.75177151,779.5142895,5.704760374,7.189700636,1.558163796,1197.946527,0.074012609
24.05952551,23.31030593,68.57440183,940.3231125,6.927867005,5.086670841,1.347517614,796.7357851,1.04487191
26.80503895,22.52948189,56.51157705,377.6549846,6.723454752,6.858770156,1.642249369,848.5539758,0.525127722
24.8124824,16.72626288,64.69651032,593.3792047,5.780394036,5.454912721,1.050522906,738.4322683,0.236189858
19.64515808,17.41336803,46.77953915,474.3767466,6.433117464,3.124583596,0.754711064,599.0090562,0.781992077
28.05149852,16.80027347,59.05426108,442.4605003,7.068133553,7.720955404,2.115219438,922.5014483,0.00799337
20.55024246,22.72585564,52.81787047,910.3879576,7.122240117,4.247791673,0.763520732,427.8250152,0.042466749
26.69394685,20.04596646,61.90566164,909.6860448,5.696962007,6.696065565,2.386604215,979.9138595,0.148422154
26.79237045,18.37338419,50.31464452,819.7001439,6.540777879,3.389245024,0.683879675,424.2389258,0.305623438
23.76041969,16.45319188,48.8633271,271.0508157,6.334763299,4.655075791,0.86680719,530.7914681,0.892602604
28.51825431,15.51662622,46.68803806,580.1763464,7.497811671,3.022062529,0.708076999,444.4032455,1.063157761
26.26346477,17.64653837,54.39692208,677.5356222,7.1283701,3.038384554,0.629906604,528.0869469,1.35367609
19.30232237,21.94692694,56.66196879,782.7279404,7.026922451,3.274219411,0.767655066,364.5605616,1.532570419
29.64984202,18.16897018,49.61514843,771.6097441,7.123051494,3.024241549,0.620600729,592.7621265,0.96753359
25.17403615,15.5227326,56.87116472,691.4413933,6.187063942,6.202305668,1.479788322,697.5708088,1.546871682
27.67134626,23.20802865,44.87686496,975.3098002,6.378904139,3.219472397,0.773979744,436.3132004,0.129580319
27.84781038,22.84119557,54.21948151,613.5405161,6.318026408,4.688714165,0.54904129,446.4723411,1.902504208
26.35467139,16.47525789,47.44899317,759.8267887,7.423404906,6.725072997,1.824675927,1094.942831,0.877256465
19.02636529,21.8765448,46.37984533,261.756121,5.597880983,3.952036259,0.687944143,418.3428836,0.233526261
28.92418852,23.40764533,62.46314232,848.7851964,6.621661852,5.689170153,1.392508272,778.4169378,1.066045468
24.59086753,22.93838366,65.40311351,681.0778717,7.431821791,6.43300203,1.393451693,663.0813791,0.467626307
22.39484493,20.30712266,63.38884687,868.7362697,6.738013847,6.032202059,1.218801562,650.9341244,0.491731408
28.25925884,22.774534,56.41547049,886.413693,6.676400576,4.681743159,0.519213174,570.5285976,0.683857051
20.89241817,19.90512282,42.14359128,745.1004824,6.821806361,3.922954929,0.818600738,497.8061767,0.519249265
23.96367974,20.37877628,59.01279153,571.8790915,5.857548947,6.342676611,1.318334841,722.786717,0.043663945
27.63574659,22.56813935,49.08300091,349.4598529,7.317621354,3.133304081,0.759204011,345.0507002,0.943958318
27.77363437,22.37802781,57.10865704,605.2040495,6.956845965,7.606150653,2.012221921,1072.091112,0.711451308
26.38200318,15.67769646,43.17570226,638.5110255,5.983666478,6.562509351,1.584792016,1086.529355,0.840701703
25.97099869,22.6043397,49.16862894,558.5741367,6.355763884,3.144168672,0.535628364,303.6325426,0.423394205
27.64206446,22.6786686,43.86012386,210.6669108,6.387669626,4.913002797,0.86875418,405.9754226,0.82489275
29.42271782,15.28353195,54.00408976,931.5136795,6.669176251,5.444803372,1.174851615,754.9307062,1.685747034
21.98991919,15.65892121,49.60316125,869.7043426,6.925317983,5.992055917,1.092597784,634.8218671,0.814852859
19.84476846,19.08812731,67.37838261,543.3521304,7.450584685,6.647593475,2.16030272,1105.749065,1.803040556
28.27788463,21.44051837,63.86884661,359.6703981,6.929084107,3.530092857,0.510472481,324.6515002,0.669115921
21.08874338,17.09888544,62.58394548,740.1074537,6.421434347,6.451790052,1.147722389,753.8446296,0.308077253
20.44587767,18.67367336,49.86545729,805.1959416,6.893493895,7.436995353,1.88193964,882.2749049,1.602498583
29.76886673,19.78685905,65.53723645,291.6933046,6.436416698,3.242772836,0.807506484,532.3901342,1.28963893
21.26433723,15.65046255,41.61410295,591.5913255,5.549408178,5.96585638,1.265151067,608.3902447,0.558550629
25.8633261,24.7946394,66.85158685,960.3235191,5.716853084,7.952733166,2.298714192,917.1288147,1.461413174
23.61086581,16.7209233,51.4069963,595.5841804,5.518750387,6.469955494,1.300940795,716.4845316,1.918034956
22.30932313,15.74303747,60.87920838,597.432728,5.566213183,6.122109769,1.405884894,731.2957215,1.945026706
28.67844324,24.73221598,67.05965616,672.8736482,7.217819397,6.69214362,1.838267506,1171.233456,1.276655556
24.37812525,19.04298897,59.07564703,681.4448249,6.597078286,5.336923418,1.186083512,686.4153766,0.759474262
28.92632835,18.37316077,49.71660246,514.0131903,5.573741514,7.159107485,2.112939582,1177.230335,0.202702478
18.25957796,16.13680033,59.26756224,806.16614,6.577946067,3.481385424,0.560750688,359.241147,1.946092433
18.13578254,19.25115855,57.82819941,567.1510807,7.408648214,6.33038735,1.322905406,657.1813578,1.962153684
29.84758576,23.2838451,42.69031539,826.014525,6.88708633,4.631893878,0.930684998,553.9543016,0.2074762
18.49106579,15.84840999,43.50325347,498.0403939,5.997079691,6.3783898,1.12612051,751.0083857,0.600924158
18.40428466,15.17749761,47.47879863,523.2591047,6.705471528,7.190809246,2.341998553,1091.396271,0.633538807
21.03089268,17.24939813,65.56950659,515.5982061,6.577933016,4.552894893,0.828080919,353.2286308,0.712500302
23.07526072,20.40000651,57.20073788,483.3815417,7.390786931,7.317540378,2.48466974,1174.955227,1.464431676
27.09937088,17.40636376,49.69217371,778.3427119,7.480228745,3.086347472,0.582407408,339.518632,1.090697403
18.05304855,17.19756525,40.03650884,577.6883533,5.592658897,4.45195982,0.908892665,364.0534099,1.648817862
25.49975314,17.10716161,45.54737956,401.7949139,7.250843248,4.011705386,0.920351514,519.8404634,1.946921567
28.1448083,19.76793919,60.04383982,320.7279801,7.441796722,4.084474411,0.795173845,452.5081641,1.667359947
26.54475301,20.41174256,58.2835917,391.3959805,5.973938684,3.595096903,0.782510996,506.6655906,0.127978165
20.37715104,24.70427256,68.48652575,365.7623433,6.112576583,6.309984374,1.318145677,752.2243074,1.464197925
22.61460397,20.06870863,69.95761491,769.838437,7.019524761,3.32014327,0.730778737,302.7994859,1.878388297
18.12534022,18.70402748,63.97162674,247.7882202,7.110622409,3.493357729,0.863230858,597.5429854,0.994858513
22.23813365,18.06358324,40.45824889,986.2533152,6.873454183,3.198356199,0.700747158,540.0212906,1.905106712
26.60727889,17.01740901,53.36374119,397.3614211,6.980799708,3.408071269,0.777542475,519.9213888,1.35297513
22.98764449,22.13289042,60.15800363,590.3342995,7.460327233,5.923978175,1.094012367,671.0769137,1.34214086
20.61219434,23.43276822,47.98083881,646.2677477,6.038827226,4.567583569,0.777113257,301.5688841,1.905951513
20.87239726,18.72123264,49.12490609,868.9526181,6.877948555,4.52198152,0.517655677,523.7201348,1.21794557
21.3231834,16.41167179,57.28222285,877.7955236,5.911514964,5.30372084,1.47903674,673.5881503,1.141604888
29.89250375,22.38248131,69.12316601,348.2776898,5.774395439,6.990397425,1.64888805,922.2416862,1.838082298
21.92460592,22.32714413,60.45462314,846.7357835,5.815429817,7.814976143,2.496334338,947.3238122,0.692012606
27.64655266,15.05866198,57.56473727,206.1472183,6.045506242,3.897221262,0.861035469,565.8587341,1.754981149
18.12750254,20.16905153,59.79841793,787.0472334,5.639162373,7.389566501,1.891525698,965.0487363,0.374614333
23.18043477,18.33068641,63.56098266,799.1586513,6.471365189,6.04342722,1.001609132,723.9178675,0.458783454
29.40476246,20.74239799,49.17665858,990.128533,7.184274693,7.033239516,2.294197331,837.1962559,0.400553063
26.2030619,15.96594398,47.93864217,851.8539656,6.866519373,5.8823034,1.240486445,728.4651052,0.103417558
21.20983875,23.58580245,50.27215485,539.1483746,7.137143541,6.597280392,2.079983787,1024.593835,0.765541046
27.67040521,15.73827687,67.04994161,212.6232,7.22040251,7.340990142,2.103487667,1070.587175,1.602569447
18.20101033,18.49322035,68.11949037,319.704163,5.606925687,4.609977999,0.63491036,547.5148231,1.967530301
26.15653223,22.63869844,64.57358132,884.6097195,7.25292929,5.747383523,1.03852914,611.7101858,0.799048069
19.34266137,16.05105738,40.41413731,751.6661141,6.196983008,3.668476637,0.892448489,512.3042804,0.453135363
20.18330835,20.63602678,63.78696913,352.5136993,7.154254487,6.182922447,1.258634528,688.0397996,0.707067103
23.75086454,20.30181238,53.05149091,778.358906,6.989502416,3.294905053,0.664096377,430.2058099,0.054251227
20.2771955,18.9226839,54.43601719,228.894018,5.566824157,6.632900645,1.720611953,1039.290118,0.482219995
22.80022405,15.45025693,47.57711933,682.9691371,6.025948857,4.471326228,0.999173756,579.9339994,1.321676612
25.16401593,15.65607875,61.90244836,824.6883418,6.146266639,7.463847799,1.921248053,1054.470946,1.041817879
18.94406408,20.34645496,48.54999539,861.0699175,7.255940289,7.678477427,1.618336191,963.9619559,1.24936866
23.7412043,23.37149977,58.67817832,440.2564116,6.778174449,4.679604571,0.691916476,471.5616814,1.170326791
23.84904247,17.33283188,42.49224471,724.2160429,6.074312815,4.175538722,0.592238127,408.6706325,1.399171189
22.15555925,17.20086057,50.10871095,576.5963106,5.737784431,7.001766933,1.526196709,809.6767056,0.984247021
27.22399825,17.33503018,55.71638951,563.3264125,6.022447858,6.247545566,1.136535405,703.6157532,1.651514779
23.35939769,18.81322219,50.68543571,345.9602541,6.725981753,5.44808836,1.470339623,651.8593518,0.586637518
29.61533444,24.16580053,55.32340373,985.9674147,6.111784451,3.859313625,0.936365125,552.58007,0.224925579
24.75656504,16.14391736,53.02385222,829.8554094,6.512937575,5.279152127,1.401321655,691.6373773,1.085252318
23.27301257,24.10147525,48.39287655,533.5744324,5.556144762,5.724453308,1.066739986,616.1203028,1.623292663
23.13658335,23.07698406,67.25303166,577.1777105,5.911408905,4.455878614,0.748230576,431.0552108,0.264478097
19.77743985,18.74425929,55.38083841,310.1377528,7.145563607,7.594262343,2.265512899,863.5632671,0.417143478
27.40006196,15.90029323,68.89670771,899.7430762,5.82740471,4.220450299,0.567677041,525.4125258,1.167507313
28.0794337,24.07083638,68.95140047,301.6447355,5.745845727,5.985432734,1.478307311,613.7916033,0.709206564
23.34834207,15.19944562,42.49724604,760.9061036,6.392384732,3.114109442,0.641093537,378.5117051,1.740895885
29.85381449,21.50363998,68.4783935,644.3907802,7.016129944,5.370468199,1.45312729,649.90924,0.757773865
20.97468764,15.75794486,59.04776579,765.9397473,7.229182765,3.543899452,0.879699131,434.9219527,0.159780116
22.38561846,24.02625237,42.01805879,782.6988515,5.571931101,6.165065835,1.032683079,697.5142387,0.97466124
23.86184192,15.76799128,68.69170162,746.9156077,7.472701701,5.0504204,1.031326602,781.2874907,1.202471175
26.3670531,19.49935108,51.77738892,226.6305433,6.818970827,3.278490742,0.766210341,423.3286808,1.688484129
26.51255201,24.03050826,41.54937003,259.9538312,6.243200765,3.694686653,0.949916673,306.547019,1.509597744
21.07661242,23.64546967,61.26476134,227.0417669,6.101790153,5.995684529,1.481697217,712.0336367,1.463580964
27.64657279,20.13367344,44.89396172,303.2403646,7.209155207,6.405233693,1.02612894,683.7586638,0.162052125
27.88489791,22.71416134,68.46126008,985.429328,6.419370948,3.520315582,0.865410482,594.3891271,0.444660043
23.78484025,19.78347541,55.82465214,659.2749354,6.29034774,3.513060125,0.827087301,359.4292898,0.443017784
24.70454106,20.44217369,60.76173837,232.1647458,6.612719738,4.130660509,0.731966243,591.6015989,1.23574274
26.57257664,22.94962481,60.10467336,520.0550534,5.656799896,4.217054545,0.674753186,334.2287355,0.265168509
20.30320121,21.4973291,61.5227434,575.0020085,6.874059619,5.226870243,1.112658465,650.1933323,0.139030281
25.01848253,17.85511773,41.19037282,751.0513509,6.861795363,4.701232116,0.780611394,457.0172734,1.610348191
21.92953137,18.52699816,55.41326116,635.4883646,6.989711304,5.172153308,1.430069847,744.5628606,1.802839671
18.24481033,15.56753504,67.75696271,507.6032941,7.398076419,3.135336724,0.853917549,463.0614652,0.230822747
28.86188769,18.61319853,44.02207061,360.8292816,6.489062502,3.163450691,0.729150321,445.4088861,1.942239591
27.93455176,23.44904967,53.815446,633.5869529,6.255946142,5.24866181,1.472849074,769.9950743,1.819300965
28.08196871,20.10339728,66.39444961,708.0147347,5.685206444,6.003533506,1.231147781,682.3531083,0.497972644
28.30578006,17.2662513,62.48807401,922.4710553,7.363209852,5.976460201,1.272715935,612.4546212,0.616151274
24.81478879,15.7231778,44.43553233,466.060352,6.329977651,4.025005298,0.903201809,437.7719633,0.126653302
21.13752987,23.11354578,42.797623,243.9817178,7.341428462,6.577934866,2.286278199,880.5455129,1.954425563
20.80113856,18.77504931,68.0836625,886.3012408,7.386237556,6.887931252,1.664706353,932.0860259,0.505806303
21.5910208,17.0983709,50.29084869,815.3218435,7.480327487,6.135127259,1.25969293,640.9762548,0.850995281
18.40859212,15.7080712,65.88720982,959.0920348,7.366841645,6.316745117,1.439790927,774.115685,1.16812499
26.39600479,23.05506458,56.41131887,423.6472255,5.617641659,5.358194317,1.225619672,796.9979312,1.748397482
24.24793008,18.62290579,41.00893286,732.7838332,6.111568107,4.544024953,0.513583711,319.5613774,0.224236825
29.8043533,18.85113828,60.88808277,779.6819195,5.996457096,3.927862754,0.954610103,461.6105394,0.241558719
22.30735081,20.95375001,52.39053415,659.8792216,5.73038543,3.995625016,0.55273685,497.0340314,1.485870403
18.36431932,20.20548778,55.27379826,725.9316941,6.452040693,7.733154741,1.880420008,1110.24474,0.066357582
18.85485547,20.0306199,43.03598652,317.7415647,5.827048758,4.928953308,0.60188323,456.9988894,0.674148264
24.97169804,15.13899509,55.73496702,732.991248,6.580266831,6.930706937,2.292854419,1031.037346,1.25096987
27.70626567,22.05798826,48.91204978,394.6703403,6.708233836,4.269164835,0.89895708,418.7911418,0.135122595
26.21646402,19.10485365,56.60399461,731.9292209,5.617296167,7.872635103,2.033028867,863.1819291,0.857120629
21.71711732,15.84683997,55.1324641,745.0245157,7.406688031,6.043848677,1.396630675,663.3523354,1.197309735
27.73903821,16.03008571,52.3161625,337.2761333,5.868643792,7.785768885,2.406143255,910.761795,0.350497284
26.63462475,24.9543795,62.45689262,427.3870256,6.590363274,6.475282209,1.070355764,640.4031337,0.136266695
20.33334676,15.10312939,44.08544911,380.5309397,6.135662772,5.276337259,1.446994855,730.8585105,0.006847053
21.00040649,20.89097761,44.75784898,546.3121808,6.708224937,6.728156425,1.940323418,1046.11921,0.748541156
22.09708557,18.24373216,68.77392111,731.0851029,6.954936272,3.16692817,0.941208184,541.0810606,1.496765726
21.81127739,20.53276112,40.7427387,909.1563264,6.297639196,7.25781016,2.467126615,967.1043917,0.459228878
18.80502205,16.62288225,43.2835025,609.2309926,5.542422178,6.476165479,1.333959999,726.9342547,1.338653692
27.08226989,22.20219112,46.55364732,659.1623713,6.444494474,5.248932343,1.440963879,685.4979376,0.121151105
29.36381416,20.97254306,44.89833269,440.632304,7.26990239,6.743350109,1.51260752,1023.902273,0.45831814
25.02338551,23.28928147,68.18989439,765.2551465,6.449988459,5.791099433,1.359676811,778.0516106,1.793531326
23.67083879,22.12356328,59.2331259,948.0152891,6.409237847,5.119109877,1.365748245,637.4823888,0.15974508
23.12243666,15.64301904,45.89838897,281.7505406,6.347397877,6.28726558,1.409531757,708.158751,1.052971318
19.1912747,15.44136637,68.23493135,506.7473133,6.026073707,7.565364198,1.814350113,988.4671596,1.131524852
21.24587942,20.81899106,51.84427845,663.5948846,6.371380807,6.232455347,1.229632599,671.5596531,0.232104559
28.88508597,15.20749645,40.8466703,737.0790729,6.099907019,3.988424895,0.914124626,400.5624142,0.963476225
19.16410904,19.69379124,43.54280287,841.6816328,7.381187524,6.76064239,2.21201402,1130.391285,0.499163795
28.71842198,16.64949759,65.52200095,468.626488,7.108637311,5.150956218,1.119937056,628.394398,0.158873256
26.70065602,17.72951871,50.34084209,835.3220982,6.413025365,5.521912117,1.225175489,749.7652674,1.904158065
22.36114772,19.83369319,54.20265089,416.5832835,7.200180169,5.976721377,1.310464284,670.4749893,0.115073342
19.28693163,16.59537462,58.05304239,928.0159725,6.565320767,6.26217133,1.235643584,795.8209876,1.43136905
28.2646534,22.07876501,48.51138635,960.992205,6.038184251,4.268284277,0.563132371,502.8532686,1.712714989
21.47829081,19.9928106,42.96958684,961.9649736,7.086435743,5.487656023,1.343163598,613.9282296,1.473233472
23.88035578,20.72719714,63.48636728,401.0564944,6.260208325,6.762322156,2.355737259,890.8718228,1.28661882
20.08708298,18.9601019,50.44276395,458.2016452,5.552337245,4.67408225,0.639638044,492.864573,0.034547061
20.71360101,22.70273289,68.87024886,864.5616552,5.985216891,6.04122586,1.256327377,661.0621353,0.467164914
18.78936408,19.96127866,45.89170773,857.0984162,7.196814596,5.318966565,1.016594677,660.7892802,1.592586775
20.71092424,23.59599878,41.20531264,738.0111556,6.39143612,4.306325581,0.969152409,561.3613447,1.085058213
22.90256966,20.10447345,51.24363874,305.5245891,6.614411842,6.149097165,1.394223672,732.9969807,1.359723757
19.85007999,22.91104481,40.97731915,449.4786062,7.084476702,3.520573715,0.953597515,501.2196936,1.278685027
19.44102343,20.85024672,63.81838744,794.2144065,6.055219439,7.340660946,1.610989469,978.8222175,1.139304973
23.16212337,19.37547479,53.2899299,278.0516398,7.497822504,3.920716542,0.932281805,463.9944661,1.366241013
26.09912832,21.56014901,55.61488844,418.503416,7.067072333,5.570600823,1.488400164,622.1441187,1.150419219
18.63248267,23.25282091,44.87563202,780.864396,6.20058887,7.133822642,1.542024675,1095.961648,1.525663203
21.16835184,15.34329478,48.23630461,896.6482649,5.547187591,4.836153104,0.640018665,557.502503,1.705767779
19.31615479,21.98525857,55.192993,787.8890301,6.41244632,6.938327346,2.410770162,1101.584761,0.255577694
24.17160075,20.9133634,45.79778262,481.3724354,6.529792825,4.609813554,0.509003278,588.8431071,1.601367703
19.67400772,22.55635554,47.31832938,517.4828215,7.408870327,4.453341984,0.652375548,548.8183995,1.468542119
19.87918916,16.42548004,64.26342616,317.9160403,6.116628943,6.922281798,2.37275384,845.0321562,0.247182588
20.36849547,21.00233555,56.67194053,793.2170537,6.032838692,4.407371955,0.770349238,328.9603411,0.222927849
18.79069763,19.41132875,62.40063321,213.6474211,7.271090343,6.862840742,1.512404036,987.5071862,1.158243041
29.4221406,20.10332978,43.45545139,637.672433,5.594653342,6.951897891,2.098357484,918.8951231,0.002375966
20.11791204,19.58005623,42.90008914,649.3083237,6.261840915,6.949878667,2.243193199,819.2571344,1.212042339
25.50470083,18.3407013,49.8493546,435.4537185,5.793860091,7.854342493,2.352263874,1067.121873,1.992459912
29.54656164,17.14439358,43.92968783,452.8675581,6.240661705,7.389832355,2.392302498,874.1320718,0.996410479
25.30376548,23.07234362,41.38389074,922.9270303,7.021499869,5.118453743,1.119755085,758.9156557,1.814573495
29.05897097,20.9906175,42.62616731,833.1305933,7.376464117,3.069340533,0.791403418,598.6312549,0.809682327
27.32777001,22.19477689,67.58892416,570.7795121,5.987600166,4.711392188,0.760722845,319.0922728,1.332465244
19.40636507,17.90245035,42.74450654,253.4908109,5.62765327,6.247060272,1.299489254,622.9865994,1.165501483
20.13941544,16.13127577,47.40627037,970.7682874,6.358154914,5.140785927,1.45481341,733.8400526,0.141208332
27.05110446,23.26712383,61.22909813,905.3212151,6.37553968,4.658573599,0.93948945,471.5317056,0.958835311
27.48822624,15.07651407,59.01637785,418.7349162,7.459669958,7.276169528,1.93042741,926.7786351,1.44128328
22.27190605,23.61958748,47.02464634,994.7134921,7.450329779,3.869191922,0.886939828,480.5770293,1.852825787
18.98822851,18.41877296,61.17121913,758.7781065,5.677562471,7.838784935,1.943380014,1042.835831,0.69594091
26.13520998,17.44241482,47.48949247,897.4038552,6.848498355,7.44696133,2.091697162,1081.053509,0.242059454
29.86437626,19.85437741,45.92787099,894.0175746,6.613751517,6.856150203,2.012363778,841.6899211,1.289388845
28.78277696,21.12340667,52.3656303,650.3536953,7.211726843,3.769022655,0.743833534,495.6672779,1.463013171
27.74323749,24.69994676,64.56829998,266.7842757,5.572073775,4.901062105,0.800325533,523.0781749,0.601048639
28.9486793,15.62807747,41.39586889,470.9409869,5.685078091,7.259399089,2.134104031,828.3728865,0.160333955
26.54146191,20.37855587,59.1377139,341.2826605,6.6003629,5.381587371,1.180926547,694.498671,0.433063603
24.15732805,24.50051326,59.3507958,987.1878873,7.493485975,3.091297491,0.570012049,383.0442923,1.432930602
23.07490239,17.00806285,53.31168383,852.8294318,5.585984243,7.957299036,1.831347007,992.8164232,0.476979795
23.62381869,17.28862286,49.9834626,365.2294106,7.32862629,6.794146569,2.110780071,912.2732862,1.27075492
24.4871801,16.71686925,54.19791252,315.5842328,6.482370435,5.310488868,1.258286314,601.1011598,1.112211454
24.58030844,23.73669518,65.49730753,570.56283,7.405899073,5.011496049,1.109534405,607.3442725,1.152324129
19.69479332,17.43429376,53.21953021,774.5342339,6.563869208,3.216051508,0.669430325,540.7757039,0.672198317
19.07129404,15.01912368,51.17500787,717.6360044,6.653380888,7.358072965,2.012667726,917.3955293,1.186460451
29.20600333,21.97183114,44.11424827,365.5010127,7.307281973,4.863507439,0.698507521,326.12783,0.92312119
18.40829309,18.07362506,66.36099605,869.4547308,6.0423963,4.234133032,0.556919197,403.5669428,1.731897535
28.04543068,19.84960447,41.99690144,426.5251958,5.750198978,4.014823877,0.937111262,448.0639741,1.483635006
21.00142241,15.83174839,41.16666292,960.9202039,6.783317266,6.053388149,1.496408419,626.297824,0.674678413
29.88213006,17.0006054,53.47142762,988.5485454,6.808722554,6.912097288,1.894576076,968.7312714,1.852191791
24.36452951,19.70727103,64.98032543,703.6790355,5.585905272,7.116531613,2.407611003,1085.613058,0.830773493
24.26019853,17.58945628,69.10652886,761.8890352,6.396131686,7.411857821,1.809372718,1129.516154,1.01478945
28.73352477,19.01940971,57.30907134,377.8579293,5.885024925,4.910121023,0.910599141,300.4695316,0.705518544
19.79592701,18.58943584,49.36731391,494.0752037,6.903961315,5.954602055,1.025567691,651.5214441,1.388888627
18.40583713,23.38157792,48.9779709,647.9498892,6.846085865,5.089287051,1.301897726,737.3179827,1.565592008
22.95491286,23.11573885,56.57792635,432.1431645,6.86454291,3.228975276,0.691919442,436.8709527,0.067196165
22.62435908,20.98674204,52.85110003,733.1012758,6.819807841,3.738106044,0.5605125,425.6843371,0.852991732
26.60693183,23.93923977,65.34140331,873.3369659,6.005396193,6.126767072,1.035503832,616.0360028,1.752222924
20.16232298,24.17340983,63.81060087,668.9094384,5.991304018,3.709542584,0.970862856,500.571794,0.065044917
19.88751847,15.50453451,54.50467779,681.7079331,6.823540703,4.357339913,0.680959995,478.0982374,1.115195304
20.31553916,19.5903675,43.93260456,590.2970838,5.793264722,3.020262368,0.818048023,573.9860843,1.661228663
27.27661671,22.650967,53.30884828,946.2933465,6.768682227,7.418860203,2.373698593,1089.589222,0.02209751
28.48947292,18.94778448,50.83760153,964.9255372,7.101486822,5.180837625,1.451226654,613.2887689,0.511812403
25.34454976,18.92863149,66.86063388,459.1361733,5.820823442,5.800951209,1.071068562,602.3413221,0.353430181
27.76741215,23.63331102,64.27561697,294.9769913,6.397670794,7.13305139,1.795040708,994.4001975,1.633189361
25.39814374,22.50528057,67.93844261,879.4689808,7.355299737,4.154399773,0.521869536,336.9009885,1.299919225
19.41565561,16.2720052,53.24297343,488.0448193,5.758924857,4.117284793,0.671583677,518.7520463,0.260292347
28.05751851,24.81404944,61.93497486,474.188003,6.259196226,5.978437473,1.422802181,738.4985653,1.672488203
26.64648228,22.33565779,52.88448102,521.4370277,6.792478995,5.644896616,1.336483311,655.0762349,0.450989806
22.79389326,21.0373426,65.10121386,210.9421102,6.24363836,3.612626998,0.89449258,433.9258549,1.919556675
19.708975,24.85039547,47.66447589,853.5554537,6.889789793,6.197570511,1.411211187,771.5124675,0.472967346
18.35178968,24.97378594,51.99942582,676.3873964,7.449342027,4.833270472,0.71549261,395.6600455,1.959584569
21.58461405,21.58235089,46.24371026,743.52451,6.388069639,4.164397493,0.685586212,480.32225,0.844844544
22.07823087,19.06255239,56.27159491,827.6220476,6.04817244,7.558378794,2.188405018,949.8211548,0.139357081
19.84505404,22.90569645,67.89495156,892.1607324,6.626364604,6.750290303,1.930529338,857.0376576,1.130645423
19.39299987,22.75216449,54.18289256,634.4393177,7.405219964,6.335145553,1.17293873,630.8919494,0.709481502
29.57812285,23.86160293,60.99495597,233.7269156,5.627476196,3.05089552,0.822911193,491.0706952,0.14348471
29.53947515,17.7874686,54.75283658,389.9388012,5.921320406,3.681208333,0.535855944,422.8886685,0.025491179
19.28243888,15.69223416,55.83502921,811.4586999,5.79761115,3.62243499,0.83856032,481.7337748,1.332976138
19.52124918,17.7365738,49.31606513,957.7065168,7.085615535,3.729187456,0.608946277,596.4107898,0.661741499
22.26252293,15.13629694,52.82061131,894.6955268,6.198559103,3.908003242,0.844137118,342.1658903,1.661437983
18.67415428,20.37493833,40.74083011,765.630822,6.408843084,5.728384549,1.01376836,701.0910236,0.64284899
18.0923634,16.33814875,43.80787577,755.9702918,6.734148174,4.928034814,0.692103356,311.6988038,0.273454217
20.88589258,23.84012935,52.07760867,591.6152342,6.189258971,3.061911582,0.69399338,348.0074809,0.979385813
25.88699342,16.99473677,59.8022595,398.8127178,5.566832115,6.535028144,2.256213614,983.4092036,1.771746519
26.08227116,23.42221777,64.66309891,667.1275972,6.071495839,5.433867158,1.450041592,623.227792,0.726195936
25.02909446,19.38798562,52.08190215,375.5382318,6.597433,7.933878243,1.813966717,1155.361469,0.836235446
21.39453024,15.0346496,56.62134562,259.8307678,6.953762363,4.205885753,0.91335368,595.203949,1.41046595
25.90846133,20.07451097,44.3315724,508.5615623,7.117488158,3.576810876,0.980567743,416.8445685,0.708491557
23.90093105,18.95783742,56.75332719,362.4476955,6.666437761,3.771023809,0.670193552,462.4222822,1.643595559
25.14952016,24.52828272,55.25201153,795.0790772,7.082028497,6.731217565,2.053711485,1016.681925,1.437039151
21.643917,18.40500096,44.63954593,876.6598452,7.3563877,4.523803625,0.916824981,432.1324051,1.436937146
20.80893225,22.05757383,46.01336903,433.4209981,7.07630844,3.604666499,0.629667449,358.387151,0.770555236
27.63630712,21.05211427,53.72692232,918.8017899,5.804950522,3.115295164,0.671223989,381.0743076,1.972997905
29.05981402,20.9423176,67.46120222,285.8270304,7.448474038,6.449626079,1.278854413,669.4554078,0.452693682
22.80431889,18.74916909,69.45533323,736.7435908,7.06087397,4.160935202,0.569598351,433.2131248,1.820842101
18.92951865,22.98031634,66.48929835,485.9634641,7.237302866,4.252468643,0.744448916,420.5336402,1.220662817
20.29128899,19.5744479,53.83946697,596.000007,6.906893559,4.987696778,0.940157381,487.0217874,0.433668268
27.58880409,23.63104668,49.73282248,593.9942426,5.799309394,5.854066042,1.31033024,640.2624216,1.092499299
28.61166292,17.15662397,53.42564188,678.4832774,6.820588344,3.790275487,0.519729766,442.6638112,1.341090952
26.95605962,17.66458586,55.98084301,977.9530744,7.255296441,5.814536876,1.113874868,792.8057694,1.057562722
21.98736159,24.09796566,44.67073823,989.4987903,6.863531403,6.364181916,1.361071618,706.6773258,0.885831747
23.9764116,21.29793383,62.10819471,398.0522048,5.74072155,7.804953739,1.630652344,1116.203918,1.935831216
27.4669797,17.56241462,62.42379042,844.9133681,6.114541571,5.187231221,1.397105331,655.1535137,1.484164274
18.94693777,21.14179602,41.4833972,576.1804282,5.683412229,4.754181162,0.972021047,344.6387908,0.838674016
22.36241696,20.61374572,64.38755198,569.1928712,6.698407516,7.194013408,2.480987378,993.3629744,0.685687844
29.38099031,15.84850021,40.07180658,983.5605649,6.699250754,6.295321284,1.294365761,675.0659816,1.913871188
23.4744789,18.32364939,49.2449327,535.6350592,6.621188445,3.571567111,0.601611546,528.5394574,1.099049777
22.96551624,16.78691969,56.50101605,574.3609383,7.235082849,5.57981076,1.255637731,698.465096,0.794912179
22.47649591,17.82604331,57.99850889,840.6068797,5.911012467,5.865918544,1.432788573,796.1478687,0.964579008
18.38726204,20.83800784,59.14488698,941.0749968,7.323641356,3.815168417,0.913759461,529.3583384,0.859180421
22.72813238,16.48397561,57.90572658,495.8506657,6.977747398,4.147057903,0.978023572,360.1423547,0.788876729
23.14461484,20.65673405,40.44367095,486.69496,6.039976067,3.218528421,0.926980983,431.744945,0.441117489
26.14977535,15.37657888,57.73483621,687.1233836,5.786802287,6.270453281,1.446545103,612.4915187,1.481959955
22.20111002,20.29431256,42.21911424,447.6916101,5.572589952,4.766929526,0.724159528,453.1297467,1.960752374
20.74011617,21.01428153,45.90712579,365.6291964,6.230369614,5.939888767,1.463191303,603.8232189,1.469764926
26.47202802,19.85906907,68.09236844,945.9380586,6.283451773,3.953686937,0.843861021,516.8120873,0.821612352
26.20396885,24.58431891,54.86772978,576.5425288,6.155500672,4.385064863,0.567217565,389.8186765,0.189338401
24.21864784,24.69245686,62.39459933,735.8913718,5.927286422,3.717431051,0.902218604,383.6279617,0.759848278
23.77485328,17.59455288,67.78802626,993.910657,6.770662605,3.421409928,0.97872401,302.6589855,0.480099122
23.03862333,23.94370074,61.1252555,237.0458102,6.688787388,6.496731284,1.338410649,765.6938599,1.763970985
20.66718013,16.71356452,40.47599107,874.0339452,5.780903329,6.941929095,1.514315278,1095.147807,0.657248081
26.25076103,15.18515706,44.3454782,230.0912863,7.307340987,6.251216896,1.370238066,628.5700575,0.845482981
25.20618428,17.7178878,63.88637241,938.9162225,6.651122045,4.506855845,0.884461391,497.5621547,0.728012634
23.20080737,20.14067055,60.47489543,324.9576831,5.96155095,4.532231866,0.92296072,484.0812343,1.922327546
21.82651875,21.44574799,57.32459131,693.0067097,6.283041016,5.132907071,1.243813905,615.5298669,0.486529775
27.95216153,17.45555011,68.84987106,339.9200413,6.891548829,7.111314547,1.907106489,826.4039377,0.264183072
26.74716693,20.89750651,55.34932723,878.6884264,6.948013947,3.697641068,0.555499049,542.470563,0.068017605
25.45253374,15.51863277,46.21463154,500.0444246,6.171170057,6.421532039,1.036158238,791.0230415,0.366985002
26.07636374,22.83641967,66.6135615,581.9335454,7.298619071,7.283864899,1.799565678,830.7448301,0.397677343
24.83711439,20.95998524,62.74501867,579.4040542,5.965372444,4.001248536,0.897257772,512.1259432,1.20213742
23.5780977,22.79711153,57.86163465,812.0612532,7.488672056,3.100452023,0.536450918,420.8619848,0.700174382
28.67084093,21.26376307,45.01093445,542.8527518,5.840514604,3.590580988,0.616192162,384.3013497,0.696530989
26.37063827,21.57905063,68.85349313,683.5468381,5.543717288,7.705224115,2.429228054,962.0410778,1.531311078
24.3982432,18.35777666,47.70523145,644.008765,6.74081725,6.359166503,1.160747851,695.2873973,0.416256761
27.98078146,17.3328673,67.36738763,776.0240494,6.16810628,3.452057996,0.820238021,593.6943346,0.969322238
18.4447387,23.24447757,45.52421448,728.155205,6.339351603,7.405239644,1.857814084,1059.126978,1.620558272
23.98556097,16.02834294,65.36774907,230.6717072,6.01675959,6.684381018,2.38865908,1001.23358,1.846447661
19.48948151,15.78526472,52.51980487,863.8100782,7.10241614,5.674024613,1.292932394,724.9567726,1.773254383
25.53393596,20.23313395,65.02875132,844.9788851,6.552665885,3.143551612,0.841308611,372.5795041,0.02897846
26.4168325,24.66399305,45.77557719,652.6192436,5.678489826,7.570928949,2.322534794,1121.583403,1.58829182
22.42084889,22.13505897,48.85011899,796.7215291,6.999871884,4.105001935,0.760084946,342.8627884,1.210797883
20.3772618,17.34737643,46.32721356,460.7724025,7.435398703,4.550692301,0.63570469,449.0086268,0.42385408
19.41494143,16.25982407,43.52843574,341.2345804,6.106384508,5.426411139,1.066914181,725.9115394,1.902579083
23.23597124,24.60883477,63.35021509,570.0166208,6.411112382,3.10866407,0.874322617,395.2760386,0.532208535
18.27052555,15.87544842,55.20472676,924.5341289,5.625984188,3.000269386,0.75556457,314.0555726,1.921773834
18.30848973,24.99292141,66.15276948,524.2184094,6.642880559,5.414254337,1.353488244,612.5379243,0.459544615
22.23075626,21.82406459,68.14337467,886.2292617,6.154616645,7.759007739,1.503819923,898.7295477,0.009786696
20.58821918,21.97760189,66.80687716,545.5377913,5.606345989,4.481808112,0.658135075,330.5677164,0.689906926
23.71159942,21.31440735,54.88463422,503.5940109,6.476574907,3.720467838,0.635196643,552.8135706,1.877406521
18.33082214,19.89129066,49.45756106,296.3825146,6.926118377,6.970021876,2.288932472,1156.748858,1.749966622
29.50617035,15.52306323,47.26491898,602.1173687,6.840225745,5.650726129,1.454971572,675.4636108,1.762857416
18.11477481,15.65593345,51.88117241,698.4328373,6.940467671,7.946117625,1.589289525,1074.807707,0.734969046
27.91620784,20.25681564,40.84102032,816.7507366,6.57239263,3.987628081,0.693824403,489.8135636,1.326806533
27.45088333,19.7584698,65.01233472,798.2952732,6.063779934,6.055785637,1.002181635,633.3906177,1.784631843
23.66725463,20.56622657,65.51249101,653.2453166,6.916634122,7.569569076,2.166385414,1186.419002,0.632230682
22.67880602,17.77433083,54.20429004,402.2947186,5.870492547,6.141556685,1.475386354,740.5081003,0.443440113
20.03777726,19.317094,57.15604398,373.4269074,5.566879571,5.447078313,1.052682461,756.3647727,0.594795322
22.27367649,15.67519892,69.47528043,922.0572043,6.298051884,7.466223832,1.548186012,944.0201864,0.395107323
20.34514882,15.40297952,43.66259774,547.7046174,7.17650406,7.935199723,2.000401146,973.0916544,1.634203444
20.84282888,19.55310909,52.72161719,745.6138417,7.024398978,3.91539921,0.604441362,410.6121513,0.999992545
22.98258186,18.35970607,58.48126004,767.5001953,7.391380307,7.054719884,1.55235502,1107.027051,0.785835201
25.35846898,19.19661707,63.35047847,518.6033281,7.266466454,5.624756648,1.411089943,770.0696002,1.270036128
27.07374284,20.34848102,43.87739156,945.4873036,5.868207511,3.423988109,0.828676741,441.6845412,1.847386548
23.84694001,24.190604,61.88498556,606.6647857,6.202079341,7.820235107,1.715740679,1071.12528,1.805797161
29.94930324,24.50617377,53.1145638,662.9351701,5.597928203,5.911628183,1.147650739,627.3201807,0.820732735
28.75068276,21.8216367,51.05438902,333.6103172,6.051381137,5.977459641,1.369298729,663.1254688,0.073755184
19.46064918,18.40736006,50.28441238,318.9223907,7.301164515,7.467248906,1.895130908,1085.282753,0.499960035
21.27479752,15.28376285,57.01749128,488.3826646,6.346479147,3.39843055,0.945107501,386.2228789,0.197767802
25.14022676,18.43826348,63.42961592,237.7498484,6.596851523,3.735571976,0.529045976,333.4536637,0.799780544
25.58211276,15.47827558,53.78230655,553.5549555,5.839759382,4.031723805,0.633796338,550.6440677,0.03092091
28.25197372,19.67204827,48.82467835,769.1010802,7.225447025,6.522040083,1.879094049,934.9382187,0.637356031
22.05896118,23.76266718,59.0127147,781.6965296,5.732911971,5.028991446,1.0621842,682.728535,0.361357394
29.76378698,16.08812359,57.35003225,881.6861218,6.397630432,3.985729169,0.702144874,459.2813035,1.838252279
20.57176882,16.60150954,42.41548428,337.9763968,7.181103156,5.892697512,1.004961911,692.8190319,0.150726999
27.56110239,20.85282219,43.47203949,370.4225902,5.55048994,4.926998482,0.75951614,503.2626802,1.653002652
24.25827516,24.2697226,52.4337905,249.9827305,7.083005612,6.967795787,2.273991378,1109.168593,1.106902964
22.37348719,24.42532927,48.21361564,888.0042031,6.625291794,4.042592095,0.988006912,337.6650644,0.30499774
25.50106875,21.12540483,56.36504567,501.2260784,6.515695731,3.03389533,0.885079106,542.1466612,0.819089053
29.07529065,21.71204976,41.73383424,955.8054189,6.740909808,5.180310844,1.132791416,603.5104727,0.844899559
25.17298103,21.73679814,52.50136696,468.5120439,5.629500392,3.586617222,0.886570937,455.3881583,1.047102211
25.45812282,23.18987622,66.60904056,608.0853267,5.74849712,7.02214339,1.871739295,800.5414503,1.644718743
25.95570551,24.16917574,45.4105723,245.734893,5.72887037,6.949700791,2.146458742,1189.677778,0.696685071
25.61220756,19.0955436,59.49324363,575.8375866,5.799617379,6.27059124,1.011797482,779.7121209,0.169482791
26.52826065,21.64966493,45.48742417,434.7707962,5.871948146,6.17479762,1.390188062,691.5991518,0.497711815
24.15433609,20.25773184,58.37492164,836.5904545,6.533954011,5.597007939,1.151457864,613.1389718,0.702880444
27.67735703,24.90487837,55.1038561,540.7571924,7.443423034,5.342353045,1.123301817,696.8154139,0.28747428
20.87446844,17.86420189,54.31532331,346.9218101,7.292807255,6.12116661,1.236904914,611.5688899,0.777617559
26.79060841,18.27759912,40.35089449,783.5530924,5.699377596,4.915579602,0.97136216,535.5568629,0.221253723
18.52830982,23.37733962,45.78336453,802.3936858,6.159937782,4.982655803,0.772241166,588.8305051,1.142503977
24.53009114,18.49653042,50.22756805,798.0090305,6.299008577,3.151210081,0.682840374,367.6143804,1.282106214
19.03232884,19.89326994,57.29240295,391.104159,6.950520137,3.391666168,0.570401474,486.7240925,0.372816229
22.29327103,21.3995701,44.705549,753.4079753,6.846866645,7.671982784,2.078298399,858.7850838,0.43368431
24.68705769,22.19006441,44.65290621,976.6800008,7.254161217,4.62224754,0.817977354,416.4497118,0.033672978
25.08020788,18.08396769,47.28563398,267.9673287,5.573431115,6.011195443,1.12995249,669.0384417,0.90444268
26.48460861,17.52420773,48.85049809,488.3437037,5.839170091,4.834971686,0.645252253,440.9964804,1.139629591
23.6013374,22.9193438,55.97048183,750.7174438,7.483490575,4.780282275,0.853860675,318.6609678,1.856760961
22.10201411,20.50235942,43.32913473,338.8754618,6.2415547,5.220954566,1.003920795,726.184358,0.518325277
18.36101492,24.71972199,63.99039391,595.3307622,6.293212507,7.171510138,1.634274851,1183.173648,0.921952839
22.28003625,16.61825942,41.12993684,618.0722706,6.358731466,7.294489586,1.741893294,1000.241428,1.058551215
20.53785058,23.61190919,57.73461697,303.2539063,7.396287925,4.359240665,0.538119609,382.4111445,1.941859004
22.40577896,22.23984912,61.90939373,720.5279794,6.101769228,4.613930982,0.729832435,463.9731426,1.843888398
22.16144961,21.33303214,41.60620327,742.56813,6.344792782,5.649224003,1.021949971,633.149956,1.18893697
19.19196323,16.74077582,47.58439371,666.3126527,6.472516697,3.891083277,0.604592733,314.9937086,1.972416733
25.38325185,16.87659176,67.56147988,932.341535,7.248271015,6.265474496,1.490596265,758.6285748,0.080118591
20.07323183,20.77638046,48.46340078,725.3596445,5.527641791,6.280677383,1.120988565,792.1253951,0.721214271
24.71388674,19.95157935,69.93902375,759.3191566,6.277457005,3.393851409,0.975714905,598.4457882,1.140844232
22.65393818,15.26413263,56.73596973,444.0043323,7.421251532,7.567584209,2.481143732,1027.815912,1.872861642
20.64654295,18.43275366,43.39771824,696.0606338,7.172219105,3.519083566,0.718497943,478.0682806,0.269765344
28.93260473,23.09366213,65.86634043,477.7863792,6.407798006,5.109622343,1.311171632,796.2355674,0.455220596
28.01792578,19.62175581,62.40616841,238.9237985,7.08804853,5.285161475,1.396297558,781.5797588,1.398888277
28.89769559,19.45417859,56.73760655,871.1498759,7.379851943,6.415552389,1.480067802,704.2919277,1.14889917
18.93997244,19.27889525,65.76096722,819.8392203,6.163731349,4.954615816,0.878655104,348.5014309,0.422304925
23.92319171,20.99716442,41.06408038,835.0589965,6.22783419,3.953800213,0.859165588,374.2020947,0.772425135
24.94609126,20.92901997,68.29911186,527.0386918,6.511765895,4.281230367,0.83330024,348.8099231,1.659232002
18.33638737,18.25017084,49.47760827,615.6460117,6.51252343,4.130170625,0.885813455,449.6686994,0.682395019
23.46551828,22.17418616,63.68022339,396.4159635,5.568781994,5.018154675,1.004519235,671.4058688,1.492734527
21.12146591,16.74332764,67.25650258,956.7783113,7.27626764,7.889291103,1.72867678,1053.745476,0.167860288
21.23545618,16.06572095,68.62118508,863.4318301,7.088176768,3.444151741,0.660834995,554.4126269,1.227215878
27.78505074,21.24058583,59.52839265,264.7497923,6.730602199,6.093292163,1.047699639,685.7404042,0.917197296
19.28653325,24.03133835,50.31351884,922.8439599,6.996457915,5.043754645,1.240445073,732.4868023,1.214603398
23.26539707,23.48036481,51.94486199,822.5171435,7.388778735,6.677753935,1.788884939,959.1346502,1.4779824
27.80846627,23.80413843,56.70490066,535.3731301,5.696533705,4.839062049,0.996627508,313.4733897,1.528362114
25.35991002,23.74144055,64.01595257,633.8707284,6.969296883,7.641511885,1.871724066,956.9832745,1.259667447
21.60970514,17.30898057,48.59110915,239.099765,7.177420618,4.508529947,0.959213216,585.2785784,1.531415221
20.83422678,19.81264843,45.15950988,771.025712,7.115640716,5.865683879,1.17856058,757.5098172,0.538197532
28.80547739,19.06873309,41.96704433,937.777496,7.372856255,3.502002767,0.782037014,407.5735385,1.911009457
21.83086568,19.70472966,51.23775006,297.250741,5.79772293,7.484946611,1.740398913,876.6371783,0.829675174
25.72367821,15.05692103,61.73127413,305.8688053,6.783449213,4.836478173,0.550901841,451.7873723,1.978009484
23.16008467,17.17777029,49.14926975,522.2236898,5.955008924,5.331279174,1.019464982,607.2037637,1.64566149
29.04330565,18.06954095,43.88063076,397.087348,6.286797546,5.262832658,1.433385177,656.4957488,1.500440573
22.91754659,17.24205914,63.29908789,343.7745168,7.433171624,4.900918341,0.790811146,430.9842569,1.174313439
28.33816192,23.49767342,69.52453122,235.3231091,5.967574171,5.870133252,1.258349193,751.7552508,0.643266662
18.66449745,15.23363311,61.0646003,346.5603834,7.029522518,5.423744099,1.176525196,778.8188605,1.210765717
25.02487254,20.06221457,50.68720835,259.8841761,5.526232599,6.41968477,1.446279114,683.8895988,1.065838431
21.29583644,22.01032614,43.34433832,357.098503,6.006441224,4.560731006,0.738167867,449.2619556,0.559955229
22.62175065,22.26135044,42.99731402,864.6941648,7.055511029,3.409360218,0.795565152,355.8407693,1.403221401
28.75070155,19.80753772,69.08742218,906.3625829,6.338344318,5.497347049,1.427515101,641.4151618,1.032040809
27.29004534,21.45804591,41.7272576,741.7343709,6.514510563,3.14231657,0.534503796,582.2353562,1.720559643
28.39073248,16.03437735,55.82171305,668.9022776,7.042569234,7.260380657,1.909412072,1124.351432,1.873444697
24.01837988,15.80315386,46.22354401,861.5173747,6.490633666,6.253738892,1.166095517,738.7236115,0.126227321
26.81113245,19.22304028,60.37613643,200.6154818,7.168728079,4.542245632,0.827325343,345.4785224,1.325766355
26.60200091,22.24363256,46.12094697,292.8845806,7.00390719,7.813824625,2.039094553,912.9889705,0.663825452
18.27106211,15.32132422,43.57556509,399.7636183,6.399176964,7.137842278,1.53757109,851.1467205,1.167218578
29.91357696,16.27450096,64.35989602,680.4218829,6.689996954,4.531093501,0.500005817,424.9697485,0.864607931
21.20357391,18.88780969,41.70744851,449.060982,7.139636557,5.783765272,1.02731721,794.6156326,0.04901628
18.00307892,23.40030321,51.46918066,428.7446246,7.028570489,3.452250662,0.65209936,391.1827537,1.019702919
28.97623757,20.19914162,68.85801301,272.1754467,6.693071236,3.460833324,0.500736911,518.8034382,0.490341634
25.71301042,18.31948061,43.30211208,419.1890311,5.978796797,4.933691,0.612146742,498.9141575,0.380824772
20.15256909,16.25117205,63.04990075,436.4923304,5.665990903,4.483792654,0.92421269,426.7887591,0.830215094
25.58657617,22.36412611,63.47796252,623.1373816,5.767507389,6.954396358,1.825295134,1085.048533,1.457651084
21.14040545,17.55143416,51.37598812,719.0449434,5.764544963,4.633558933,0.590806984,411.2823024,0.976047254
20.9644188,15.15936785,52.56781588,706.2789509,6.803755557,4.803880393,0.90334676,595.4575208,0.982982785
21.26302167,22.87275351,57.64688402,801.8380457,6.460185068,4.508496519,0.696597601,477.1913502,1.643027355
18.57346044,21.19479225,55.75061451,954.3796342,7.184749556,4.322028508,0.539227908,463.3490877,1.43689837
20.7183311,21.01296265,57.69741266,570.6882188,5.902298137,4.418641657,0.583660652,534.1895152,1.140388086
26.74535252,15.21842329,65.77097937,330.6469243,6.161307678,4.167545561,0.976110893,312.7266895,0.324074573
21.70758836,23.20610141,45.27459351,618.1120805,6.972833757,5.397989206,1.30077694,659.3119824,0.282841474
23.8772157,24.51314475,62.14651253,306.7410215,6.90974695,7.571636246,2.259005283,841.0063856,1.437989379
18.27824731,24.91433617,46.24810236,982.5365718,5.933910378,4.027708928,0.754445278,410.7842311,0.751042348
27.82711874,20.75205328,68.49217216,868.1121941,6.333527546,4.865849725,0.91375316,509.1628146,0.690395694
25.06937759,24.87488724,53.57218658,747.4387403,5.912595241,6.071489954,1.230858072,784.1989042,0.747072242
18.16335907,17.98731202,52.45952415,260.3560968,7.148048153,4.389190855,0.864490531,558.5072711,0.33752514
23.21769473,17.50741524,61.32583927,449.9430829,6.185900689,5.411107384,1.403535452,639.0481206,1.644195889
18.95608828,23.83891995,47.99157344,379.4307623,6.659424879,7.018012928,1.835610454,1191.410187,1.013901671
25.31804984,22.85350188,65.80795107,245.0236115,7.098537679,4.713074447,0.850584931,518.1170285,0.421190946
20.61580951,19.31035153,69.47159782,324.2617206,7.155638432,4.124145589,0.973545334,448.8776259,0.42578475
28.7838436,21.56747473,41.12015761,247.1402231,5.969869198,7.070776565,1.663035337,1114.482261,1.04917759
21.39940396,24.34202105,43.92333118,844.7635629,5.612642705,4.468887864,0.692177519,307.5580242,1.811496225
23.64385938,15.13057789,61.9694125,836.4248642,7.455753582,4.677994655,0.505708992,511.1099339,1.059523588
22.69886288,18.74175281,44.42979944,285.8829884,6.973696009,6.455385665,1.218830664,646.994681,1.763449794
20.54745575,18.57731833,40.32851683,247.3721984,6.803683635,4.40974202,0.908564071,463.9290948,0.264556634
24.39490804,19.3732312,40.19416913,794.7665406,5.715792513,6.450552913,1.025834361,700.9591197,1.737922416
19.15387282,19.40555671,44.45461147,299.1977873,7.188760395,6.077680921,1.431320236,635.8511224,0.214803307
29.83568047,17.30637893,49.21048744,972.450931,6.220207348,7.700005223,2.052707076,958.6214728,1.629646978
22.29327208,15.35601381,59.31710338,282.9205982,7.241809347,5.197572543,1.432647879,631.4546416,0.235625943
25.74947612,21.3573006,46.01442251,795.4274944,7.081239831,5.464681789,1.145022766,774.2828068,1.170426403
20.24575176,16.33918837,55.52898349,717.6333405,7.174880288,7.509054491,2.296681397,900.1871595,0.247009103
23.38554388,23.17848228,65.6263191,992.4557607,7.229536525,4.249748199,0.785872992,549.849113,0.366970961
20.62229204,22.72262582,56.51902311,815.8088188,6.605608504,4.812174121,0.506078386,502.2059757,0.761500145
19.17326275,24.10857756,41.66516108,957.0986715,7.141163982,6.577753699,2.048858665,915.0530916,0.049920544
25.47383048,16.71937854,64.16451493,456.7781165,5.885977234,5.460164899,1.176479252,724.2584898,0.22151601
20.01561911,22.55626735,66.55175263,505.91,6.507449746,3.668099931,0.866349525,421.3582157,0.501113456
18.00199267,17.99313979,63.98272046,490.0000537,6.288254648,5.1025298,1.391879921,657.1516649,1.575218606
22.6217081,15.06570191,69.07421849,293.0860934,7.353732495,7.149150319,2.185443883,932.9824629,1.033402932
19.69769762,20.91171353,53.27028251,794.2500541,6.619615882,3.113171312,0.686960524,583.3345748,1.961607521
20.61889257,19.97200684,69.92721858,727.6843777,6.418026981,4.283468795,0.835739574,489.6846461,0.157799429
26.8732175,22.8160546,55.32632308,999.8562615,5.664133313,5.298488208,1.209166932,750.1879597,0.622076507
20.91562502,18.90661306,42.20773398,207.8120177,6.903838186,6.652059346,1.777852776,910.5276434,0.985969341
27.4274952,24.79085897,55.24960782,323.3918599,7.164702219,5.648028391,1.49018437,613.5005093,1.233885084
29.13107033,18.40057363,46.08132872,966.0196942,6.342141087,4.037401989,0.589682341,591.2029636,1.351396848
22.14381635,15.69581149,60.50572076,623.4913811,7.263263824,5.169955257,1.201800501,747.576997,0.350512977
28.42988244,22.23184244,49.58122311,837.2031203,6.824004411,6.056831642,1.211364318,669.3048336,1.913250304
24.03755645,22.68431927,55.81670046,444.8857258,6.800659129,7.096418568,1.764276263,882.1331755,0.166913982
29.33324521,23.74971324,54.63134644,678.7692138,6.204418726,3.966079395,0.634266878,386.2384995,0.450691896
23.54784201,20.16046446,68.22209329,392.6145844,7.047957319,7.485134095,2.468537332,1041.45488,0.576300029
26.57312968,18.27025145,57.01691608,961.7628386,7.17229436,3.153958934,0.537791807,585.4269663,0.025415332
25.28756516,23.80762898,54.61830395,487.520305,5.507391613,3.594581581,0.546033493,479.7133761,0.181279701
29.14956727,22.29852905,64.11835255,730.1405795,5.57525643,7.435473167,2.14850482,906.9608111,1.946800876
28.30827342,24.56152743,40.03833994,441.360589,6.2599924,5.022666026,1.482507685,650.1786091,1.258864611
20.4983813,18.78575021,43.55010206,871.6675069,6.774501891,4.352052576,0.853314935,483.0022251,0.410295969
29.5955886,21.46093552,61.46369612,955.0840406,7.316833308,3.625814788,0.635548127,479.3004848,1.106126181
20.19653648,19.98071206,42.76666382,537.6923707,5.686809127,6.29914345,1.473366864,621.1811609,1.55478693
25.49108283,20.79001458,46.72447575,563.4680392,7.113203693,3.309657225,0.972368129,520.9605685,1.321085
23.59062104,16.55125804,59.41173076,485.4158853,6.026823298,4.76598765,0.601316317,476.2757613,1.436751261
24.84600073,21.80514766,55.81194565,835.3447336,6.200161662,4.402279189,0.840055943,422.4455073,1.664848003
28.00562864,24.43429789,43.1743012,446.9927751,6.982487602,3.030789783,0.791463028,375.9304618,0.224013763
21.7766005,21.30859942,47.1254422,889.0720911,6.250383349,5.675381369,1.478790508,679.8070635,0.755453595
20.32400502,17.23214303,66.33228291,666.913164,5.681183379,7.75970241,1.688540606,1068.984199,1.350580957
22.56474263,18.46912088,54.83931877,575.3669321,6.140123876,4.954013909,0.55094655,302.4959827,0.953787098
28.42133777,24.62169398,66.93032643,338.3574651,7.154053303,3.867165585,0.546312742,524.5153049,0.146848065
18.26750049,18.94478911,51.46843715,331.6165661,5.630463923,7.871822996,1.934020973,903.4846569,1.448000353
21.82250627,19.58104842,60.6011766,986.1522285,6.013581533,3.868806638,0.861723909,302.7162485,0.975394004
27.03063634,19.23246043,49.45714161,496.4577032,6.4037874,5.884180984,1.306645842,727.5376494,0.931650915
19.11918142,18.39977421,44.76302113,727.7954335,7.234741653,5.36303312,1.357026362,618.2782973,1.275984103
21.52067923,16.16281224,59.70117014,313.0576813,6.476692969,3.398540673,0.938735023,521.6169452,0.722356851
25.18390777,21.91227736,55.02664356,609.4309872,6.719160283,3.027491108,0.62418813,364.3219449,1.726196866
18.72199623,21.33776318,51.56600286,236.1786428,7.436938355,5.406209492,1.123779885,612.5052591,0.135616206
29.57330071,15.34502737,62.43184852,993.3683506,6.824773389,3.917881033,0.866366737,482.0195174,1.5590218
27.64529131,20.53888184,62.20169249,662.0777819,7.114879797,6.009307503,1.040574589,790.298142,0.283472713
18.04926672,23.28844791,68.05006467,202.5069944,7.027234754,6.257737751,1.402545159,764.596761,1.078309155
28.89618643,19.61395766,47.30947927,855.3002457,7.446834635,6.399065762,1.272126983,640.0564036,1.422925177
27.78415412,18.03189005,41.22780797,600.713565,6.591415028,4.233567216,0.871440747,521.375218,0.243084778
18.2052895,19.53623671,65.9400393,882.9765838,5.891054371,4.042898048,0.53422936,411.3338815,0.897194775
26.53639265,20.56554324,55.64270756,682.147346,6.933893499,4.841533217,0.792224455,461.499583,0.381532069
19.73011078,16.02090978,43.70679458,645.7372887,6.138683504,6.903280272,1.86844892,1158.138436,0.44171761
28.56776426,18.93851257,49.03117445,787.342784,6.399653831,4.332926095,0.893693513,436.3036269,1.081089115
29.60444119,21.49541433,45.00632288,336.8660563,6.619492872,4.260494439,0.624191804,511.6382491,0.500928287
28.14422208,23.54435916,51.72378011,605.2462933,7.201868033,7.141402001,1.942545515,1059.72893,1.744307098
23.65106115,22.79634906,54.12003843,533.9080066,6.390747425,6.404420932,1.032003173,764.9486475,0.987074283
26.04280788,23.31170379,52.1063011,901.110416,7.388336497,6.938574666,1.943919455,808.7653315,0.411396611
23.44628942,22.77159517,58.17635777,297.0307377,5.99309468,3.602092156,0.751315621,316.8528232,1.05984233
28.96469804,19.20234898,45.49935682,924.4615724,5.949970656,7.236643594,2.427110629,842.1572872,1.021897196
28.61694852,16.14759379,63.39853872,870.2100273,6.644873015,6.146661092,1.204835527,731.0347429,1.668553051
20.13135183,18.32219559,50.28322948,229.3104112,6.954361958,6.890354897,1.659492263,864.1850457,1.935115817
20.10007449,22.39528844,48.57549854,442.5751545,6.451126314,3.140983891,0.592823352,499.2658155,1.828647362
29.51149664,24.38789075,45.49921803,321.4967718,7.414030047,6.322535918,1.407062843,737.026862,0.585340459
26.83178493,15.51306391,54.42607757,802.7357818,5.964758712,3.220863727,0.644593723,392.9420626,1.870290265
25.71038026,21.06840248,50.10602031,238.0114912,7.050817601,3.499913893,0.75750283,460.6661445,0.982205917
21.25251236,18.51562435,57.12985967,623.4613901,7.475877177,5.535328963,1.176894579,765.7111196,0.242818203
19.49101324,17.15946336,50.61453543,560.8283657,6.707853272,7.683939272,1.807795832,1165.515378,0.825654249
29.46939521,23.83096744,56.29316836,698.6324632,7.005615933,7.929222526,1.826742542,941.7699795,1.974051193
27.38412517,23.15097953,69.73626459,729.9443266,5.550832185,5.75845123,1.470560406,775.2638866,1.191437574
26.66885434,21.26934538,67.2848653,442.6813131,6.483351792,5.153851944,1.196365372,710.6742379,0.855993518
23.86926523,19.0796613,53.84290054,675.0586101,6.993790867,5.754698709,1.096931534,771.7633542,1.971129839
20.31291898,23.58865252,40.6300938,855.8460788,6.334518306,6.015411174,1.418954187,771.7528559,0.462336149
28.1873459,17.08482223,44.92267197,325.3801214,7.420965797,4.496711707,0.719605301,483.1640265,1.560416886
19.90507595,24.24911061,61.17209209,716.307166,6.952916625,3.320730812,0.836822709,353.7759767,1.952547502
23.9930004,24.04829169,61.8663502,712.769937,7.445390149,7.540924386,1.729598161,847.0205201,1.028433622
18.73505043,19.15936321,66.03441122,379.1886092,6.214135783,3.33056898,0.500996068,515.6218854,0.043241082
24.09311751,19.45206822,55.37905635,897.8231274,6.62693857,4.464802098,0.757466675,348.4088403,0.504820656
20.89141303,22.47689334,48.12128219,727.2990718,6.611318775,6.625331506,1.519128966,866.2992708,0.130697759
21.17247771,17.6330463,68.10246443,279.0256749,5.838268376,4.78171107,0.620768421,406.2813982,1.696583784
20.84172306,22.7129152,65.00192043,764.787076,7.396907672,6.658018227,1.722361305,1007.689828,1.963332473
28.8188716,22.90956402,61.28621983,951.3019878,5.951276913,7.411629025,1.745352314,823.0928637,1.066089929
25.69195128,20.90533358,63.43507247,537.8065846,7.465388498,5.586549304,1.117101685,643.9107846,1.476988626
28.09389679,21.69726188,66.74359188,253.6717935,6.450440804,4.919725605,0.808150243,467.063533,0.579204945
22.06281296,24.39490621,58.78053338,652.9386206,5.691885992,5.623662655,1.214472167,708.1810008,0.052395033
25.43245717,16.66035202,43.34665199,300.4230161,7.048721855,6.044644711,1.351073048,634.3387815,0.295520089
24.52637516,18.16670147,46.45958568,268.3812387,7.167665431,4.000225504,0.705979048,561.1580899,1.13376839
29.12193977,15.51814346,52.06111433,465.7806313,5.877195148,4.262837842,0.766252033,334.6183927,0.08028202
22.28791565,19.75088642,47.09892509,624.0091054,6.841594037,5.908456834,1.058601953,667.4413151,0.900977462
24.84711544,24.24830925,69.79604357,623.864902,5.61029831,3.28568393,0.846036824,361.8756342,0.92236307
21.77644087,21.77226677,46.54276709,553.2289412,6.179158582,5.58778906,1.447837389,640.8632767,0.745290357
28.07590626,15.62363167,54.92797375,220.8455094,6.673226618,5.761707596,1.209635831,603.6248082,0.610432302
22.24561978,24.720395,67.08247505,863.8429172,6.094092137,6.18913717,1.034522953,694.8510042,0.116517994
22.89826796,22.86059105,50.95096119,936.2328873,5.869992014,7.341017442,2.128426457,1075.452652,1.007205399
23.5862277,17.67968962,47.15319464,621.5324703,6.536488753,3.506544767,0.504989388,517.0330987,0.795854861
19.32967208,24.68349242,50.79827289,722.5272973,7.248129021,4.071313199,0.918058852,546.4165089,1.936071077
18.00414703,22.9222156,53.55763534,201.507397,7.219353447,4.686652336,0.74254733,400.0885188,1.885605218
18.20082162,24.07549698,57.88779038,603.6449586,6.371955256,6.187337304,1.225647057,636.6884393,1.143660594
27.28487187,23.10787446,41.43139104,314.0829177,7.197321428,4.709948039,0.941279938,439.8929268,0.6098107
28.42078804,23.29533984,59.02349289,542.8353075,5.765356893,3.151399455,0.693913045,541.0612978,0.599690794
19.7340944,21.45085855,67.36193998,661.5573678,6.472812795,4.803548057,0.601736371,320.0920836,1.368753842
26.36542921,15.79394071,45.37105637,432.3837299,6.992044065,4.754700906,0.694702469,462.5282893,0.311310621
23.38095316,17.248279,68.45755015,356.0958878,6.429765723,4.936131624,0.533282364,494.4954022,0.185618662
21.02993107,17.39301206,55.9946885,977.2524651,7.447509026,6.611158134,1.875468928,1121.525818,0.522885184
29.60668838,21.42104682,63.83220953,392.309867,6.474125942,5.650208349,1.498591177,711.811857,1.266130107
23.86359527,21.86496618,40.50481128,921.2407545,5.831741762,5.481743229,1.110055663,670.1041069,0.533188117
26.437463,17.96454127,62.78879212,720.57093,7.13136478,3.745066548,0.534356839,410.8722598,0.235520368
26.0853971,23.20837496,41.36055112,263.1958934,5.513870157,7.19635778,2.222737752,1062.691794,1.94295087
25.24483465,19.18243455,52.15277215,654.3459318,7.149521392,4.41753131,0.504181841,365.3002199,0.285518803
22.70739251,18.96890477,40.64725316,341.0554781,7.316662513,4.323368577,0.741994684,301.5940427,1.025902814
22.2200121,17.2058847,56.04461087,731.1039218,6.669113024,4.608989285,0.886404787,464.5257489,1.335933312
29.65917909,15.12193895,44.82666823,491.8697736,6.238325625,3.132926652,0.883257525,475.1140763,1.654529689
18.84458305,18.37481701,54.25560078,449.4769441,6.959235928,6.172939966,1.375873496,760.6004144,0.544406679
18.66740629,20.06957268,64.85881871,630.274904,7.485377839,4.036016133,0.570162259,501.347242,0.782861
27.87677456,21.7803975,53.67577681,345.6099178,7.149109956,5.930710678,1.371126594,633.9762012,1.250633068
25.82031696,16.08583889,69.96887071,619.0788904,6.671613754,5.2924628,1.445204759,749.9955597,0.43294038
18.16656692,21.65797127,60.97186215,837.5802803,6.991395421,7.862342733,2.258715321,1038.862122,0.665014302
28.06669622,22.73542426,56.28460653,870.6119909,7.000793378,7.481199106,2.389127924,1031.522702,1.237668075
18.1266679,20.10530877,42.3642244,976.2417007,5.671250738,4.264782649,0.578238358,442.176366,0.246595986
19.66627694,23.44250711,60.04484584,740.3516024,5.641687583,6.074595668,1.135471349,640.4508361,1.881903598
27.21133756,23.16801809,59.76308409,784.3945398,6.944469062,5.470740212,1.120750314,642.9825274,1.820750318
24.1777714,22.44351726,40.77412135,816.037731,6.834446449,5.637276264,1.453919257,701.4119293,1.394585396
21.70824115,15.36254535,69.04051905,940.5719187,6.16815957,5.281880571,1.038485835,739.231229,1.185479546
28.54490674,24.25639601,59.73210503,867.9083977,6.504666099,5.574198147,1.410915473,731.9021537,0.374608005
21.62768446,20.9432117,42.21225455,880.677799,6.526150096,7.694362176,1.771946039,1076.943569,1.157302167
21.09657849,22.49828863,56.91310761,517.3138178,7.10005756,5.396092977,1.46953424,727.2748563,1.314912666
24.29349009,24.28479509,59.21253665,366.6644292,6.036714892,6.9867677,1.769511862,876.370634,0.756324727
26.41053931,15.08796692,62.44910706,645.9760338,5.717953255,4.389281918,0.609357806,478.5909798,1.966067698
19.42036946,21.41945939,52.18598663,413.6758584,6.38176461,6.89695254,2.161968945,1125.975891,0.96909971
24.60568774,19.86005135,69.96201526,352.0178715,6.322163928,6.167037865,1.380425665,637.5444811,0.589029978
26.43198768,19.84210523,50.31566376,416.9436889,7.056360186,3.176769894,0.849474414,410.5041641,0.709598078
20.90773346,24.41364891,69.65965138,448.764869,7.235169183,3.864692453,0.515574546,377.8729348,1.228868771
27.0780006,16.33825517,62.49826141,679.1856977,5.508953625,5.050514606,1.439592886,648.6793366,1.072293412
26.6064643,22.11428529,67.79693436,833.1776261,6.981233798,7.336005754,1.538979321,1066.738957,1.978329205
23.31285964,18.0992048,57.78763503,394.4906654,6.828916359,6.984541019,2.397919187,1155.247276,1.690462287
28.35525214,22.46557005,58.78689045,983.2705596,6.617171622,5.487935928,1.450480448,799.2315347,1.531953603
24.62537505,18.58386377,63.96896046,363.9213527,6.756202562,4.650831328,0.922435674,374.7026208,0.304382018
20.47533216,24.83555009,67.75573737,554.3466043,6.505550955,5.865053598,1.033627957,618.9835874,1.626879161
28.18655296,20.7550505,60.52844371,681.775851,6.200424898,4.997785224,0.663319625,524.4551736,1.921912271
27.31980592,17.82384448,64.64765921,665.3571185,6.24613853,4.613330106,0.929011636,599.2884892,1.35711664
20.10013078,15.11018399,45.9205581,698.4869464,6.657450733,3.482992971,0.520175413,423.3574554,0.793336179
19.23179871,24.07403151,63.72483184,722.1555749,6.453103176,6.695121005,1.522425889,944.1707309,1.511676652
27.10960922,19.15094995,56.56279983,755.4283222,6.309110578,4.567476502,0.783090346,393.8333968,0.216278805
25.62972158,21.21872037,46.70732838,699.0759248,7.120071566,4.308684011,0.61600909,304.3144338,0.454055711
21.94457998,15.54568443,64.53120089,380.6354927,7.234812098,4.528706773,0.811871542,528.6907874,1.969196915
23.07963357,15.15238824,68.25148332,561.0498648,5.730038553,6.558407025,2.337119628,1047.81048,0.834848518
28.44803608,18.42832366,68.39384081,433.4808968,6.970884553,4.126790701,0.812307024,559.3299741,1.881882039
27.53009812,22.28924138,43.87855588,888.2026388,5.663713711,4.173873013,0.79047519,597.2037471,1.760397321
19.31463586,19.14336558,58.65234805,368.4971126,6.53984663,6.135095251,1.221146903,741.4794,1.936856363
27.8525523,16.28602942,59.69068352,885.2675029,6.909631687,7.083845708,1.728875462,1038.740751,1.59999641
23.87888625,24.0964552,64.5963726,918.4898896,7.158486195,6.392273147,1.46456976,668.3810556,1.446091471
18.67586509,18.0986476,65.93755508,752.8871647,6.576675849,7.291516199,1.711635899,1198.252444,1.04995533
27.4207993,21.66664537,40.48792219,633.4426595,6.342735665,4.962235816,0.824754465,541.3242179,0.067482649
18.71906964,23.27406161,66.91518421,962.1001282,7.307265607,6.072650242,1.29657911,610.6695994,1.626033133
22.24350745,17.93508959,41.05566174,226.5462634,6.614127623,3.909528685,0.837393151,503.2594842,1.870019123
24.19356343,15.2056178,65.50682412,730.7521038,5.581178204,5.559683928,1.470845993,633.4714064,0.909214252
29.51864541,19.5111717,61.32077825,254.0771559,6.628783549,4.000718892,0.845441988,509.1407418,0.287378181
21.82969715,24.05766565,54.0249173,921.8975813,7.291091707,5.972958435,1.137644107,631.2413137,0.062687447
20.7226444,19.26016129,51.62803634,812.5237765,6.917934198,5.95391049,1.299651058,635.8712021,0.941313489
29.62156934,19.03632489,43.78107913,811.5226598,6.143542526,4.410278291,0.727585996,500.3281775,0.087318017
23.78824133,22.09173048,57.92465426,984.8672051,6.475364781,6.25605062,1.084864214,603.8289736,1.250087481
24.19322949,15.06199085,66.99966196,352.4460469,7.370129471,7.66865388,2.109697425,1079.855828,1.158275571
29.64355166,19.64461407,57.37972092,894.7565423,6.02233929,4.67630995,0.901405467,588.2760441,0.3764621
27.03981001,20.63468941,67.178294,423.1193809,7.017965726,4.071870158,0.744247816,420.56616,1.889781194
22.32983499,21.10472756,51.17023407,767.7883582,5.584587838,3.307382086,0.786303616,383.1037573,0.112198103
28.04684,17.24571402,62.27244415,547.9064631,7.305595577,6.381961268,1.291595402,718.5680361,1.762601465
26.19792878,18.1036259,42.91622021,618.9438825,5.966890666,3.709849322,0.525994676,309.5231296,0.374748801
29.31324971,23.40971002,41.00695915,755.927433,6.739893904,7.135002716,1.584565378,1042.738782,0.205972498
27.99517186,19.35361288,61.33707995,795.2880169,7.255786459,4.761946011,0.941457408,497.713623,0.770932913
22.74212887,17.58131898,48.37059859,895.1133715,7.251113413,6.816847747,2.362996831,1154.437374,0.646368476
24.12276708,24.29363008,49.32913247,928.2398222,6.090777286,6.794980377,2.237426086,914.6078196,0.225957528
27.15867709,23.84185322,60.51701594,408.7288185,7.368430509,6.203960469,1.49861895,606.0052011,0.812817629
21.99699746,23.55082239,43.89654653,340.8872742,6.828317286,6.346048799,1.311315267,794.6765238,1.29543996
19.4023279,15.83036094,48.40702117,489.10823,6.859885323,3.930019035,0.923693965,318.7182206,1.586818186
23.26134629,23.64609936,64.81210858,843.7902632,7.12929778,5.502918575,1.033508269,795.0686267,0.815752913
21.36601219,17.10633028,48.57999129,766.3602357,6.080022016,4.633947815,0.926273711,581.3895694,1.609870661
24.49266335,22.98154961,62.59368271,261.9521948,6.265882351,3.170206972,0.692798796,321.3104667,1.076481572
21.49535876,21.74613345,63.52809034,441.1791707,5.694421452,6.816189652,1.729365777,987.6428844,1.982226376
23.72091969,18.67209927,56.48246976,926.1613517,7.251077769,6.902843251,1.600978107,866.9964356,0.043119749
29.61260355,16.636631,45.46449775,833.1746591,7.427093649,3.294551127,0.986538399,527.7877521,1.121254335
25.02847661,24.7084481,46.83699265,509.2423301,7.176634531,7.951642198,1.939740487,911.3473927,0.219316315
28.21244316,23.39948396,54.60688389,338.5308642,6.102391118,6.197439796,1.163126959,659.8766747,0.446780478
25.31918694,17.844787,51.99101768,829.0862007,6.244383456,3.465011984,0.564839489,376.9389183,1.007463178
22.16017773,16.32944743,46.99823452,921.7123874,5.942638088,3.710639497,0.836997104,318.7694527,1.756761741
19.31212393,19.64331219,68.70975113,241.1868697,6.100653269,5.315760409,1.40451182,629.3843847,0.102676656
22.22637901,19.29564845,46.33111813,505.7693965,6.797664462,3.685290293,0.932329461,346.4775933,0.274459949
26.82827929,23.74430588,59.96600679,618.3844211,7.080154417,5.124105253,1.242268998,660.4839023,0.832167618
27.30237547,21.37076827,68.22405254,222.1799316,6.9798158,7.345112547,2.30380489,854.8593953,0.842993858
24.64436242,21.70766348,62.74650895,705.8287751,6.85282004,7.371048627,2.00550876,857.6315144,1.811755727
28.53412385,21.82311356,40.45068901,700.3661573,7.425449932,7.435997728,1.773640418,995.1337274,0.579300244
21.53531657,18.98488761,46.35592468,430.8380723,7.483986222,6.623408486,1.959584057,922.5853872,0.985966171
22.55643721,19.21450825,61.88170506,267.5286654,5.870640376,7.733571817,1.556978727,967.44291,1.409170346
22.85459337,18.14762723,56.86992811,570.8640304,6.664310581,3.916862848,0.862503038,472.2862725,0.275545508
21.86218601,24.98565237,47.47278274,709.5857033,5.589348302,4.334424674,0.888524643,558.6608921,1.941980696
21.22452332,20.44301921,47.41202439,330.1084535,5.525474554,5.470813245,1.269011353,768.0216157,0.98393621
25.53536311,22.74707576,53.09694008,424.4386665,7.130092233,6.484176696,1.444759656,674.2934525,1.38695635
29.37942192,23.52193395,41.45004863,305.9670213,6.219657546,5.292749776,1.244696269,748.3282904,1.284776553
21.89144754,22.46686824,46.78188061,859.5072055,6.026422823,3.985138142,0.741590432,551.4691263,1.660736627
27.78070087,15.60121835,41.61572851,434.7703169,6.775305966,7.042105669,2.359794675,962.7219204,1.636534817
27.60528504,15.38169909,54.66819556,650.5368535,5.715289201,5.492349659,1.226994956,752.4893917,0.714553463
22.10811192,15.22103266,61.24314265,768.7607875,5.958956578,3.252004056,0.598209608,585.4334477,1.448028921
21.68023971,15.49976449,40.69367065,293.6433659,7.419156555,5.263237441,1.283863659,715.8628933,0.880018506
23.01948793,21.9349176,41.38710661,492.9520141,5.855766717,7.234436693,2.144745249,891.9306903,0.344597418
25.72460506,23.3585726,47.50539411,304.2015655,6.12204198,5.828993402,1.186086628,732.3334519,0.047540574
